movie_id,title,release_date,genres,train_id
1,Toy Story (1995),01-Jan-1995,Animation|Children's|Comedy,0
2,GoldenEye (1995),01-Jan-1995,Action|Adventure|Thriller,1
3,Four Rooms (1995),01-Jan-1995,Thriller,2
4,Get Shorty (1995),01-Jan-1995,Action|Comedy|Drama,3
5,Copycat (1995),01-Jan-1995,Crime|Drama|Thriller,4
6,Shanghai Triad (Yao a yao yao dao waipo qiao) (1995),01-Jan-1995,Drama,5
7,Twelve Monkeys (1995),01-Jan-1995,Drama|Sci-Fi,6
8,Babe (1995),01-Jan-1995,Children's|Comedy|Drama,7
9,Dead Man Walking (1995),01-Jan-1995,Drama,8
10,Richard III (1995),22-Jan-1996,Drama|War,9
11,Seven (Se7en) (1995),01-Jan-1995,Crime|Thriller,10
12,"Usual Suspects, The (1995)",14-Aug-1995,Crime|Thriller,11
13,Mighty Aphrodite (1995),30-Oct-1995,Comedy,12
14,"Postino, Il (1994)",01-Jan-1994,Drama|Romance,13
15,Mr. Holland's Opus (1995),29-Jan-1996,Drama,14
16,French Twist (Gazon maudit) (1995),01-Jan-1995,Comedy|Romance,15
17,From Dusk Till Dawn (1996),05-Feb-1996,Action|Comedy|Crime|Horror|Thriller,16
18,"White Balloon, The (1995)",01-Jan-1995,Drama,17
19,Antonia's Line (1995),01-Jan-1995,Drama,18
20,Angels and Insects (1995),01-Jan-1995,Drama|Romance,19
21,Muppet Treasure Island (1996),16-Feb-1996,Action|Adventure|Comedy|Musical|Thriller,20
22,Braveheart (1995),16-Feb-1996,Action|Drama|War,21
23,Taxi Driver (1976),16-Feb-1996,Drama|Thriller,22
24,Rumble in the Bronx (1995),23-Feb-1996,Action|Adventure|Crime,23
25,"Birdcage, The (1996)",08-Mar-1996,Comedy,24
26,"Brothers McMullen, The (1995)",01-Jan-1995,Comedy,25
27,Bad Boys (1995),01-Jan-1995,Action,26
28,Apollo 13 (1995),01-Jan-1995,Action|Drama|Thriller,27
29,Batman Forever (1995),01-Jan-1995,Action|Adventure|Comedy|Crime,28
30,Belle de jour (1967),01-Jan-1967,Drama,29
31,Crimson Tide (1995),01-Jan-1995,Drama|Thriller|War,30
32,Crumb (1994),01-Jan-1994,Documentary,31
33,Desperado (1995),01-Jan-1995,Action|Romance|Thriller,32
34,"Doom Generation, The (1995)",01-Jan-1995,Comedy|Drama,33
35,Free Willy 2: The Adventure Home (1995),01-Jan-1995,Adventure|Children's|Drama,34
36,Mad Love (1995),01-Jan-1995,Drama|Romance,35
37,Nadja (1994),01-Jan-1994,Drama,36
38,"Net, The (1995)",01-Jan-1995,Sci-Fi|Thriller,37
39,Strange Days (1995),01-Jan-1995,Action|Crime|Sci-Fi,38
40,"To Wong Foo, Thanks for Everything! Julie Newmar (1995)",01-Jan-1995,Comedy,39
41,Billy Madison (1995),01-Jan-1995,Comedy,40
42,Clerks (1994),01-Jan-1994,Comedy,41
43,Disclosure (1994),01-Jan-1994,Drama|Thriller,42
44,Dolores Claiborne (1994),01-Jan-1994,Drama|Thriller,43
45,Eat Drink Man Woman (1994),01-Jan-1994,Comedy|Drama,44
46,Exotica (1994),01-Jan-1994,Drama,45
47,Ed Wood (1994),01-Jan-1994,Comedy|Drama,46
48,Hoop Dreams (1994),01-Jan-1994,Documentary,47
49,I.Q. (1994),01-Jan-1994,Comedy|Romance,48
50,Star Wars (1977),01-Jan-1977,Action|Adventure|Romance|Sci-Fi|War,49
51,Legends of the Fall (1994),01-Jan-1994,Drama|Romance|War|Western,50
52,"Madness of King George, The (1994)",01-Jan-1994,Drama,51
53,Natural Born Killers (1994),01-Jan-1994,Action|Thriller,52
54,Outbreak (1995),01-Jan-1995,Action|Drama|Thriller,53
55,"Professional, The (1994)",01-Jan-1994,Crime|Drama|Romance|Thriller,54
56,Pulp Fiction (1994),01-Jan-1994,Crime|Drama,55
57,Priest (1994),01-Jan-1994,Drama,56
58,Quiz Show (1994),01-Jan-1994,Drama,57
59,Three Colors: Red (1994),01-Jan-1994,Drama,58
60,Three Colors: Blue (1993),01-Jan-1993,Drama,59
61,Three Colors: White (1994),01-Jan-1994,Drama,60
62,Stargate (1994),01-Jan-1994,Action|Adventure|Sci-Fi,61
63,"Santa Clause, The (1994)",01-Jan-1994,Children's|Comedy,62
64,"Shawshank Redemption, The (1994)",01-Jan-1994,Drama,63
65,What's Eating Gilbert Grape (1993),01-Jan-1993,Comedy|Drama,64
66,While You Were Sleeping (1995),01-Jan-1995,Comedy|Romance,65
67,Ace Ventura: Pet Detective (1994),01-Jan-1994,Comedy,66
68,"Crow, The (1994)",01-Jan-1994,Action|Romance|Thriller,67
69,Forrest Gump (1994),01-Jan-1994,Comedy|Romance|War,68
70,Four Weddings and a Funeral (1994),01-Jan-1994,Comedy|Romance,69
71,"Lion King, The (1994)",01-Jan-1994,Animation|Children's|Musical,70
72,"Mask, The (1994)",01-Jan-1994,Comedy|Crime|Fantasy,71
73,Maverick (1994),01-Jan-1994,Action|Comedy|Western,72
74,Faster Pussycat! Kill! Kill! (1965),01-Jan-1965,Action|Comedy|Drama,73
75,Brother Minister: The Assassination of Malcolm X (1994),01-Jan-1994,Documentary,74
76,Carlito's Way (1993),01-Jan-1993,Crime|Drama,75
77,"Firm, The (1993)",01-Jan-1993,Drama|Thriller,76
78,Free Willy (1993),01-Jan-1993,Adventure|Children's|Drama,77
79,"Fugitive, The (1993)",01-Jan-1993,Action|Thriller,78
80,Hot Shots! Part Deux (1993),01-Jan-1993,Action|Comedy|War,79
81,"Hudsucker Proxy, The (1994)",01-Jan-1994,Comedy|Romance,80
82,Jurassic Park (1993),01-Jan-1993,Action|Adventure|Sci-Fi,81
83,Much Ado About Nothing (1993),01-Jan-1993,Comedy|Romance,82
84,Robert A. Heinlein's The Puppet Masters (1994),01-Jan-1994,Horror|Sci-Fi,83
85,"Ref, The (1994)",01-Jan-1994,Comedy,84
86,"Remains of the Day, The (1993)",01-Jan-1993,Drama,85
87,Searching for Bobby Fischer (1993),01-Jan-1993,Drama,86
88,Sleepless in Seattle (1993),01-Jan-1993,Comedy|Romance,87
89,Blade Runner (1982),01-Jan-1982,Film-Noir|Sci-Fi,88
90,So I Married an Axe Murderer (1993),01-Jan-1993,Comedy|Romance|Thriller,89
91,"Nightmare Before Christmas, The (1993)",01-Jan-1993,Children's|Comedy|Musical,90
92,True Romance (1993),01-Jan-1993,Action|Crime|Romance,91
93,Welcome to the Dollhouse (1995),24-May-1996,Comedy|Drama,92
94,Home Alone (1990),01-Jan-1990,Children's|Comedy,93
95,Aladdin (1992),01-Jan-1992,Animation|Children's|Comedy|Musical,94
96,Terminator 2: Judgment Day (1991),01-Jan-1991,Action|Sci-Fi|Thriller,95
97,Dances with Wolves (1990),01-Jan-1990,Adventure|Drama|Western,96
98,"Silence of the Lambs, The (1991)",01-Jan-1991,Drama|Thriller,97
99,Snow White and the Seven Dwarfs (1937),01-Jan-1937,Animation|Children's|Musical,98
100,Fargo (1996),14-Feb-1997,Crime|Drama|Thriller,99
101,Heavy Metal (1981),08-Mar-1981,Action|Adventure|Animation|Horror|Sci-Fi,100
102,"Aristocats, The (1970)",01-Jan-1970,Animation|Children's,101
103,All Dogs Go to Heaven 2 (1996),29-Mar-1996,Animation|Children's|Musical,102
104,Theodore Rex (1995),29-Mar-1996,Comedy,103
105,Sgt. Bilko (1996),29-Mar-1996,Comedy,104
106,Diabolique (1996),01-Jan-1996,Drama|Thriller,105
107,Moll Flanders (1996),14-Jun-1996,Drama,106
108,Kids in the Hall: Brain Candy (1996),12-Apr-1996,Comedy,107
109,Mystery Science Theater 3000: The Movie (1996),19-Apr-1996,Comedy|Sci-Fi,108
110,Operation Dumbo Drop (1995),01-Jan-1995,Action|Adventure|Comedy|War,109
111,"Truth About Cats & Dogs, The (1996)",26-Apr-1996,Comedy|Romance,110
112,Flipper (1996),10-May-1996,Adventure|Children's,111
113,"Horseman on the Roof, The (Hussard sur le toit, Le) (1995)",19-Apr-1996,Drama,112
114,Wallace & Gromit: The Best of Aardman Animation (1996),05-Apr-1996,Animation,113
115,"Haunted World of Edward D. Wood Jr., The (1995)",26-Apr-1996,Documentary,114
116,Cold Comfort Farm (1995),23-Apr-1996,Comedy,115
117,"Rock, The (1996)",07-Jun-1996,Action|Adventure|Thriller,116
118,Twister (1996),10-May-1996,Action|Adventure|Thriller,117
119,Maya Lin: A Strong Clear Vision (1994),01-Jan-1994,Documentary,118
120,Striptease (1996),28-Jun-1996,Comedy|Crime,119
121,Independence Day (ID4) (1996),03-Jul-1996,Action|Sci-Fi|War,120
122,"Cable Guy, The (1996)",14-Jun-1996,Comedy,121
123,"Frighteners, The (1996)",19-Jul-1996,Comedy|Horror,122
124,Lone Star (1996),21-Jun-1996,Drama|Mystery,123
125,Phenomenon (1996),29-Jun-1996,Drama|Romance,124
126,"Spitfire Grill, The (1996)",06-Sep-1996,Drama,125
127,"Godfather, The (1972)",01-Jan-1972,Action|Crime|Drama,126
128,Supercop (1992),26-Jul-1996,Action|Thriller,127
129,Bound (1996),04-Oct-1996,Crime|Drama|Romance|Thriller,128
130,Kansas City (1996),16-Aug-1996,Crime,129
131,Breakfast at Tiffany's (1961),01-Jan-1961,Drama|Romance,130
132,"Wizard of Oz, The (1939)",01-Jan-1939,Adventure|Children's|Drama|Musical,131
133,Gone with the Wind (1939),01-Jan-1939,Drama|Romance|War,132
134,Citizen Kane (1941),01-Jan-1941,Drama,133
135,2001: A Space Odyssey (1968),01-Jan-1968,Drama|Mystery|Sci-Fi|Thriller,134
136,Mr. Smith Goes to Washington (1939),01-Jan-1939,Drama,135
137,Big Night (1996),20-Sep-1996,Drama,136
138,D3: The Mighty Ducks (1996),04-Oct-1996,Children's|Comedy,137
139,"Love Bug, The (1969)",01-Jan-1969,Children's|Comedy,138
140,Homeward Bound: The Incredible Journey (1993),01-Jan-1993,Adventure|Children's,139
141,"20,000 Leagues Under the Sea (1954)",01-Jan-1954,Adventure|Children's|Fantasy|Sci-Fi,140
142,Bedknobs and Broomsticks (1971),01-Jan-1971,Adventure|Children's|Musical,141
143,"Sound of Music, The (1965)",01-Jan-1965,Musical,142
144,Die Hard (1988),01-Jan-1988,Action|Thriller,143
145,"Lawnmower Man, The (1992)",01-Jan-1992,Action|Sci-Fi|Thriller,144
146,Unhook the Stars (1996),30-Oct-1996,Drama,145
147,"Long Kiss Goodnight, The (1996)",05-Oct-1996,Action|Thriller,146
148,"Ghost and the Darkness, The (1996)",11-Oct-1996,Action|Adventure,147
149,Jude (1996),01-Nov-1996,Drama,148
150,Swingers (1996),18-Oct-1996,Comedy|Drama,149
151,Willy Wonka and the Chocolate Factory (1971),01-Jan-1971,Adventure|Children's|Comedy,150
152,Sleeper (1973),01-Jan-1973,Comedy|Sci-Fi,151
153,"Fish Called Wanda, A (1988)",01-Jan-1988,Comedy,152
154,Monty Python's Life of Brian (1979),01-Jan-1979,Comedy,153
155,Dirty Dancing (1987),01-Jan-1987,Musical|Romance,154
156,Reservoir Dogs (1992),01-Jan-1992,Crime|Thriller,155
157,Platoon (1986),01-Jan-1986,Drama|War,156
158,Weekend at Bernie's (1989),01-Jan-1989,Comedy,157
159,Basic Instinct (1992),01-Jan-1992,Mystery|Thriller,158
160,Glengarry Glen Ross (1992),01-Jan-1992,Drama,159
161,Top Gun (1986),01-Jan-1986,Action|Romance,160
162,On Golden Pond (1981),01-Jan-1981,Drama,161
163,"Return of the Pink Panther, The (1974)",01-Jan-1974,Comedy,162
164,"Abyss, The (1989)",01-Jan-1989,Action|Adventure|Sci-Fi|Thriller,163
165,Jean de Florette (1986),01-Jan-1986,Drama,164
166,Manon of the Spring (Manon des sources) (1986),01-Jan-1986,Drama,165
167,Private Benjamin (1980),01-Jan-1980,Comedy,166
168,Monty Python and the Holy Grail (1974),01-Jan-1974,Comedy,167
169,"Wrong Trousers, The (1993)",01-Jan-1993,Animation|Comedy,168
170,Cinema Paradiso (1988),01-Jan-1988,Comedy|Drama|Romance,169
171,Delicatessen (1991),01-Jan-1991,Comedy|Sci-Fi,170
172,"Empire Strikes Back, The (1980)",01-Jan-1980,Action|Adventure|Drama|Romance|Sci-Fi|War,171
173,"Princess Bride, The (1987)",01-Jan-1987,Action|Adventure|Comedy|Romance,172
174,Raiders of the Lost Ark (1981),01-Jan-1981,Action|Adventure,173
175,Brazil (1985),01-Jan-1985,Sci-Fi,174
176,Aliens (1986),01-Jan-1986,Action|Sci-Fi|Thriller|War,175
177,"Good, The Bad and The Ugly, The (1966)",01-Jan-1966,Action|Western,176
178,12 Angry Men (1957),01-Jan-1957,Drama,177
179,"Clockwork Orange, A (1971)",01-Jan-1971,Sci-Fi,178
180,Apocalypse Now (1979),01-Jan-1979,Drama|War,179
181,Return of the Jedi (1983),14-Mar-1997,Action|Adventure|Romance|Sci-Fi|War,180
182,GoodFellas (1990),01-Jan-1990,Crime|Drama,181
183,Alien (1979),01-Jan-1979,Action|Horror|Sci-Fi|Thriller,182
184,Army of Darkness (1993),01-Jan-1993,Action|Adventure|Comedy|Horror|Sci-Fi,183
185,Psycho (1960),01-Jan-1960,Horror|Romance|Thriller,184
186,"Blues Brothers, The (1980)",01-Jan-1980,Action|Comedy|Musical,185
187,"Godfather: Part II, The (1974)",01-Jan-1974,Action|Crime|Drama,186
188,Full Metal Jacket (1987),01-Jan-1987,Action|Drama|War,187
189,"Grand Day Out, A (1992)",01-Jan-1992,Animation|Comedy,188
190,Henry V (1989),01-Jan-1989,Drama|War,189
191,Amadeus (1984),01-Jan-1984,Drama|Mystery,190
192,Raging Bull (1980),01-Jan-1980,Drama,191
193,"Right Stuff, The (1983)",01-Jan-1983,Drama,192
194,"Sting, The (1973)",01-Jan-1973,Comedy|Crime,193
195,"Terminator, The (1984)",01-Jan-1984,Action|Sci-Fi|Thriller,194
196,Dead Poets Society (1989),01-Jan-1989,Drama,195
197,"Graduate, The (1967)",01-Jan-1967,Drama|Romance,196
198,Nikita (La Femme Nikita) (1990),01-Jan-1990,Thriller,197
199,"Bridge on the River Kwai, The (1957)",01-Jan-1957,Drama|War,198
200,"Shining, The (1980)",01-Jan-1980,Horror,199
201,Evil Dead II (1987),01-Jan-1987,Action|Adventure|Comedy|Horror,200
202,Groundhog Day (1993),01-Jan-1993,Comedy|Romance,201
203,Unforgiven (1992),01-Jan-1992,Western,202
204,Back to the Future (1985),01-Jan-1985,Comedy|Sci-Fi,203
205,Patton (1970),01-Jan-1970,Drama|War,204
206,Akira (1988),01-Jan-1988,Adventure|Animation|Sci-Fi|Thriller,205
207,Cyrano de Bergerac (1990),01-Jan-1990,Action|Drama|Romance,206
208,Young Frankenstein (1974),01-Jan-1974,Comedy|Horror,207
209,This Is Spinal Tap (1984),01-Jan-1984,Comedy|Drama|Musical,208
210,Indiana Jones and the Last Crusade (1989),01-Jan-1989,Action|Adventure,209
211,M*A*S*H (1970),01-Jan-1970,Comedy|War,210
212,"Unbearable Lightness of Being, The (1988)",01-Jan-1988,Drama,211
213,"Room with a View, A (1986)",01-Jan-1986,Drama|Romance,212
214,Pink Floyd - The Wall (1982),01-Jan-1982,Drama|Musical|War,213
215,Field of Dreams (1989),01-Jan-1989,Drama,214
216,When Harry Met Sally... (1989),01-Jan-1989,Comedy|Romance,215
217,Bram Stoker's Dracula (1992),01-Jan-1992,Horror|Romance,216
218,Cape Fear (1991),01-Jan-1991,Thriller,217
219,"Nightmare on Elm Street, A (1984)",01-Jan-1984,Horror,218
220,"Mirror Has Two Faces, The (1996)",15-Nov-1996,Comedy|Romance,219
221,Breaking the Waves (1996),15-Nov-1996,Drama,220
222,Star Trek: First Contact (1996),22-Nov-1996,Action|Adventure|Sci-Fi,221
223,Sling Blade (1996),22-Nov-1996,Drama|Thriller,222
224,Ridicule (1996),27-Nov-1996,Drama,223
225,101 Dalmatians (1996),27-Nov-1996,Children's|Comedy,224
226,Die Hard 2 (1990),01-Jan-1990,Action|Thriller,225
227,Star Trek VI: The Undiscovered Country (1991),01-Jan-1991,Action|Adventure|Sci-Fi,226
228,Star Trek: The Wrath of Khan (1982),01-Jan-1982,Action|Adventure|Sci-Fi,227
229,Star Trek III: The Search for Spock (1984),01-Jan-1984,Action|Adventure|Sci-Fi,228
230,Star Trek IV: The Voyage Home (1986),01-Jan-1986,Action|Adventure|Sci-Fi,229
231,Batman Returns (1992),01-Jan-1992,Action|Adventure|Comedy|Crime,230
232,Young Guns (1988),01-Jan-1988,Action|Comedy|Western,231
233,Under Siege (1992),01-Jan-1992,Action,232
234,Jaws (1975),01-Jan-1975,Action|Horror,233
235,Mars Attacks! (1996),13-Dec-1996,Action|Comedy|Sci-Fi|War,234
236,Citizen Ruth (1996),13-Dec-1996,Comedy|Drama,235
237,Jerry Maguire (1996),13-Dec-1996,Drama|Romance,236
238,Raising Arizona (1987),01-Jan-1987,Comedy,237
239,Sneakers (1992),01-Jan-1992,Crime|Drama|Sci-Fi,238
240,Beavis and Butt-head Do America (1996),20-Dec-1996,Animation|Comedy,239
241,"Last of the Mohicans, The (1992)",01-Jan-1992,Action|Romance|War,240
242,Kolya (1996),24-Jan-1997,Comedy,241
243,Jungle2Jungle (1997),07-Mar-1997,Children's|Comedy,242
244,Smilla's Sense of Snow (1997),14-Mar-1997,Action|Drama|Thriller,243
245,"Devil's Own, The (1997)",26-Mar-1997,Action|Drama|Thriller|War,244
246,Chasing Amy (1997),01-Jan-1997,Drama|Romance,245
247,Turbo: A Power Rangers Movie (1997),28-Mar-1997,Action|Adventure|Children's,246
248,Grosse Pointe Blank (1997),11-Apr-1997,Comedy|Crime,247
249,Austin Powers: International Man of Mystery (1997),02-May-1997,Comedy,248
250,"Fifth Element, The (1997)",09-May-1997,Action|Sci-Fi,249
251,Shall We Dance? (1996),11-Jul-1997,Comedy,250
252,"Lost World: Jurassic Park, The (1997)",23-May-1997,Action|Adventure|Sci-Fi|Thriller,251
253,"Pillow Book, The (1995)",13-Jun-1997,Drama|Romance,252
254,Batman & Robin (1997),20-Jun-1997,Action|Adventure|Crime,253
255,My Best Friend's Wedding (1997),20-Jun-1997,Comedy|Romance,254
256,When the Cats Away (Chacun cherche son chat) (1996),20-Jun-1997,Comedy|Romance,255
257,Men in Black (1997),04-Jul-1997,Action|Adventure|Comedy|Sci-Fi,256
258,Contact (1997),11-Jul-1997,Drama|Sci-Fi,257
259,George of the Jungle (1997),01-Jan-1997,Children's|Comedy,258
260,Event Horizon (1997),01-Jan-1997,Action|Mystery|Sci-Fi|Thriller,259
261,Air Bud (1997),01-Aug-1997,Children's|Comedy,260
262,In the Company of Men (1997),01-Aug-1997,Drama,261
263,Steel (1997),15-Aug-1997,Action,262
264,Mimic (1997),22-Aug-1997,Sci-Fi|Thriller,263
265,"Hunt for Red October, The (1990)",01-Jan-1990,Action|Thriller,264
266,Kull the Conqueror (1997),29-Aug-1997,Action|Adventure,265
267,unknown,,unknown,266
268,Chasing Amy (1997),01-Jan-1997,Drama|Romance,267
269,"Full Monty, The (1997)",01-Jan-1997,Comedy,268
270,Gattaca (1997),01-Jan-1997,Drama|Sci-Fi|Thriller,269
271,Starship Troopers (1997),01-Jan-1997,Action|Adventure|Sci-Fi|War,270
272,Good Will Hunting (1997),01-Jan-1997,Drama,271
273,Heat (1995),01-Jan-1995,Action|Crime|Thriller,272
274,Sabrina (1995),01-Jan-1995,Comedy|Romance,273
275,Sense and Sensibility (1995),01-Jan-1995,Drama|Romance,274
276,Leaving Las Vegas (1995),01-Jan-1995,Drama|Romance,275
277,Restoration (1995),01-Jan-1995,Drama,276
278,Bed of Roses (1996),01-Jan-1996,Drama|Romance,277
279,Once Upon a Time... When We Were Colored (1995),01-Jan-1995,Drama,278
280,Up Close and Personal (1996),01-Mar-1996,Drama|Romance,279
281,"River Wild, The (1994)",01-Jan-1994,Action|Thriller,280
282,"Time to Kill, A (1996)",13-Jul-1996,Drama,281
283,Emma (1996),02-Aug-1996,Drama|Romance,282
284,Tin Cup (1996),16-Aug-1996,Comedy|Romance,283
285,Secrets & Lies (1996),04-Oct-1996,Drama,284
286,"English Patient, The (1996)",15-Nov-1996,Drama|Romance|War,285
287,Marvin's Room (1996),18-Dec-1996,Drama,286
288,Scream (1996),20-Dec-1996,Horror|Thriller,287
289,Evita (1996),25-Dec-1996,Drama|Musical,288
290,Fierce Creatures (1997),10-Jan-1997,Comedy,289
291,Absolute Power (1997),14-Feb-1997,Mystery|Thriller,290
292,Rosewood (1997),21-Feb-1997,Drama,291
293,Donnie Brasco (1997),28-Feb-1997,Crime|Drama,292
294,Liar Liar (1997),21-Mar-1997,Comedy,293
295,Breakdown (1997),02-May-1997,Action|Thriller,294
296,"Promesse, La (1996)",16-May-1997,Drama,295
297,Ulee's Gold (1997),01-Jan-1997,Drama,296
298,Face/Off (1997),27-Jun-1997,Action|Sci-Fi|Thriller,297
299,Hoodlum (1997),22-Aug-1997,Crime|Drama|Film-Noir,298
300,Air Force One (1997),01-Jan-1997,Action|Thriller,299
301,In & Out (1997),19-Sep-1997,Comedy,300
302,L.A. Confidential (1997),01-Jan-1997,Crime|Film-Noir|Mystery|Thriller,301
303,Ulee's Gold (1997),01-Jan-1997,Drama,302
304,Fly Away Home (1996),13-Sep-1996,Adventure|Children's,303
305,"Ice Storm, The (1997)",01-Jan-1997,Drama,304
306,"Mrs. Brown (Her Majesty, Mrs. Brown) (1997)",01-Jan-1997,Drama|Romance,305
307,"Devil's Advocate, The (1997)",01-Jan-1997,Crime|Horror|Mystery|Thriller,306
308,FairyTale: A True Story (1997),01-Jan-1997,Children's|Drama|Fantasy,307
309,Deceiver (1997),01-Jan-1997,Crime,308
310,"Rainmaker, The (1997)",01-Jan-1997,Drama,309
311,"Wings of the Dove, The (1997)",01-Jan-1997,Drama|Romance|Thriller,310
312,Midnight in the Garden of Good and Evil (1997),01-Jan-1997,Comedy|Crime|Drama|Mystery,311
313,Titanic (1997),01-Jan-1997,Action|Drama|Romance,312
314,3 Ninjas: High Noon At Mega Mountain (1998),01-Jan-1997,Action|Children's,313
315,Apt Pupil (1998),23-Oct-1998,Drama|Thriller,314
316,As Good As It Gets (1997),23-Dec-1997,Comedy|Drama,315
317,In the Name of the Father (1993),01-Jan-1993,Drama,316
318,Schindler's List (1993),01-Jan-1993,Drama|War,317
319,Everyone Says I Love You (1996),06-Dec-1996,Comedy|Musical|Romance,318
320,Paradise Lost: The Child Murders at Robin Hood Hills (1996),06-Dec-1996,Documentary,319
321,Mother (1996),25-Dec-1996,Comedy,320
322,Murder at 1600 (1997),18-Apr-1997,Mystery|Thriller,321
323,Dante's Peak (1997),07-Feb-1997,Action|Thriller,322
324,Lost Highway (1997),21-Feb-1997,Mystery,323
325,Crash (1996),21-Mar-1997,Drama|Thriller,324
326,G.I. Jane (1997),01-Jan-1997,Action|Drama|War,325
327,Cop Land (1997),01-Jan-1997,Crime|Drama|Mystery,326
328,Conspiracy Theory (1997),08-Aug-1997,Action|Mystery|Romance|Thriller,327
329,Desperate Measures (1998),30-Jan-1998,Crime|Drama|Thriller,328
330,187 (1997),01-Jan-1997,Drama,329
331,"Edge, The (1997)",26-Sep-1997,Adventure|Thriller,330
332,Kiss the Girls (1997),01-Jan-1997,Crime|Drama|Thriller,331
333,"Game, The (1997)",01-Jan-1997,Mystery|Thriller,332
334,U Turn (1997),01-Jan-1997,Action|Crime|Mystery,333
335,How to Be a Player (1997),01-Jan-1997,Comedy,334
336,Playing God (1997),01-Jan-1997,Crime|Thriller,335
337,"House of Yes, The (1997)",01-Jan-1997,Comedy|Drama|Thriller,336
338,Bean (1997),01-Jan-1997,Comedy,337
339,Mad City (1997),01-Jan-1997,Action|Drama,338
340,Boogie Nights (1997),01-Jan-1997,Drama,339
341,Critical Care (1997),01-Jan-1997,Comedy,340
342,"Man Who Knew Too Little, The (1997)",01-Jan-1997,Comedy|Mystery,341
343,Alien: Resurrection (1997),01-Jan-1997,Action|Horror|Sci-Fi,342
344,"Apostle, The (1997)",18-Dec-1997,Drama,343
345,Deconstructing Harry (1997),01-Jan-1997,Comedy|Drama,344
346,Jackie Brown (1997),01-Jan-1997,Crime|Drama,345
347,Wag the Dog (1997),09-Jan-1998,Comedy|Drama,346
348,Desperate Measures (1998),30-Jan-1998,Crime|Drama|Thriller,347
349,Hard Rain (1998),16-Jan-1998,Action|Thriller,348
350,Fallen (1998),16-Jan-1998,Action|Mystery|Thriller,349
351,"Prophecy II, The (1998)",16-Jan-1998,Horror,350
352,Spice World (1997),01-Jan-1997,Comedy|Musical,351
353,Deep Rising (1998),30-Jan-1998,Action|Horror|Sci-Fi,352
354,"Wedding Singer, The (1998)",13-Feb-1998,Comedy|Romance,353
355,Sphere (1998),13-Feb-1998,Adventure|Sci-Fi|Thriller,354
356,"Client, The (1994)",01-Jan-1994,Drama|Mystery|Thriller,355
357,One Flew Over the Cuckoo's Nest (1975),01-Jan-1975,Drama,356
358,Spawn (1997),01-Aug-1997,Action|Adventure|Sci-Fi|Thriller,357
359,"Assignment, The (1997)",01-Jan-1997,Thriller,358
360,Wonderland (1997),01-Jan-1997,Documentary,359
361,Incognito (1997),01-Jan-1997,Crime|Thriller,360
362,Blues Brothers 2000 (1998),06-Feb-1998,Action|Comedy|Musical,361
363,Sudden Death (1995),01-Jan-1995,Action,362
364,Ace Ventura: When Nature Calls (1995),01-Jan-1995,Comedy,363
365,Powder (1995),01-Jan-1995,Drama,364
366,Dangerous Minds (1995),01-Jan-1995,Drama,365
367,Clueless (1995),01-Jan-1995,Comedy,366
368,Bio-Dome (1996),01-Jan-1996,Comedy,367
369,Black Sheep (1996),02-Feb-1996,Comedy,368
370,Mary Reilly (1996),23-Feb-1996,Drama|Thriller,369
371,"Bridges of Madison County, The (1995)",09-Feb-1996,Drama|Romance,370
372,Jeffrey (1995),01-Jan-1995,Comedy,371
373,Judge Dredd (1995),01-Jan-1995,Action|Adventure|Sci-Fi,372
374,Mighty Morphin Power Rangers: The Movie (1995),01-Jan-1995,Action|Children's,373
375,Showgirls (1995),01-Jan-1995,Drama,374
376,Houseguest (1994),01-Jan-1994,Comedy,375
377,Heavyweights (1994),01-Jan-1994,Children's|Comedy,376
378,Miracle on 34th Street (1994),01-Jan-1994,Drama,377
379,Tales From the Crypt Presents: Demon Knight (1995),01-Jan-1995,Horror,378
380,Star Trek: Generations (1994),01-Jan-1994,Action|Adventure|Sci-Fi,379
381,Muriel's Wedding (1994),01-Jan-1994,Comedy|Romance,380
382,"Adventures of Priscilla, Queen of the Desert, The (1994)",01-Jan-1994,Comedy|Drama,381
383,"Flintstones, The (1994)",01-Jan-1994,Children's|Comedy,382
384,Naked Gun 33 1/3: The Final Insult (1994),01-Jan-1994,Comedy,383
385,True Lies (1994),01-Jan-1994,Action|Adventure|Comedy|Romance,384
386,Addams Family Values (1993),01-Jan-1993,Comedy,385
387,"Age of Innocence, The (1993)",01-Jan-1993,Drama,386
388,Beverly Hills Cop III (1994),01-Jan-1994,Action|Comedy,387
389,Black Beauty (1994),01-Jan-1994,Adventure|Children's,388
390,Fear of a Black Hat (1993),01-Jan-1993,Comedy,389
391,Last Action Hero (1993),01-Jan-1993,Action|Comedy,390
392,"Man Without a Face, The (1993)",01-Jan-1993,Drama,391
393,Mrs. Doubtfire (1993),01-Jan-1993,Comedy,392
394,Radioland Murders (1994),01-Jan-1994,Comedy|Mystery|Romance,393
395,Robin Hood: Men in Tights (1993),01-Jan-1993,Comedy,394
396,Serial Mom (1994),01-Jan-1994,Comedy|Crime|Horror,395
397,Striking Distance (1993),01-Jan-1993,Action,396
398,Super Mario Bros. (1993),01-Jan-1993,Action|Adventure|Children's|Sci-Fi,397
399,"Three Musketeers, The (1993)",01-Jan-1993,Action|Adventure|Comedy,398
400,"Little Rascals, The (1994)",01-Jan-1994,Children's|Comedy,399
401,"Brady Bunch Movie, The (1995)",01-Jan-1995,Comedy,400
402,Ghost (1990),01-Jan-1990,Comedy|Romance|Thriller,401
403,Batman (1989),01-Jan-1989,Action|Adventure|Crime|Drama,402
404,Pinocchio (1940),01-Jan-1940,Animation|Children's,403
405,Mission: Impossible (1996),22-May-1996,Action|Adventure|Mystery,404
406,Thinner (1996),25-Oct-1996,Horror|Thriller,405
407,Spy Hard (1996),24-May-1996,Comedy,406
408,"Close Shave, A (1995)",28-Apr-1996,Animation|Comedy|Thriller,407
409,Jack (1996),07-Aug-1996,Comedy|Drama,408
410,Kingpin (1996),12-Jul-1996,Comedy,409
411,"Nutty Professor, The (1996)",28-Jun-1996,Comedy|Fantasy|Romance|Sci-Fi,410
412,"Very Brady Sequel, A (1996)",23-Aug-1996,Comedy,411
413,Tales from the Crypt Presents: Bordello of Blood (1996),19-Jul-1996,Horror,412
414,My Favorite Year (1982),01-Jan-1982,Comedy,413
415,"Apple Dumpling Gang, The (1975)",01-Jan-1975,Children's|Comedy|Western,414
416,Old Yeller (1957),01-Jan-1957,Children's|Drama,415
417,"Parent Trap, The (1961)",01-Jan-1961,Children's|Drama,416
418,Cinderella (1950),01-Jan-1950,Animation|Children's|Musical,417
419,Mary Poppins (1964),01-Jan-1964,Children's|Comedy|Musical,418
420,Alice in Wonderland (1951),01-Jan-1951,Animation|Children's|Musical,419
421,William Shakespeare's Romeo and Juliet (1996),25-Oct-1996,Drama|Romance,420
422,Aladdin and the King of Thieves (1996),01-Jan-1996,Animation|Children's|Comedy,421
423,E.T. the Extra-Terrestrial (1982),01-Jan-1982,Children's|Drama|Fantasy|Sci-Fi,422
424,Children of the Corn: The Gathering (1996),01-Jan-1996,Horror,423
425,Bob Roberts (1992),01-Jan-1992,Comedy,424
426,"Transformers: The Movie, The (1986)",01-Jan-1986,Action|Animation|Children's|Sci-Fi|Thriller|War,425
427,To Kill a Mockingbird (1962),01-Jan-1962,Drama,426
428,Harold and Maude (1971),01-Jan-1971,Comedy,427
429,"Day the Earth Stood Still, The (1951)",01-Jan-1951,Drama|Sci-Fi,428
430,Duck Soup (1933),01-Jan-1933,Comedy|War,429
431,Highlander (1986),01-Jan-1986,Action|Adventure,430
432,Fantasia (1940),01-Jan-1940,Animation|Children's|Musical,431
433,Heathers (1989),01-Jan-1989,Comedy,432
434,Forbidden Planet (1956),01-Jan-1956,Sci-Fi,433
435,Butch Cassidy and the Sundance Kid (1969),01-Jan-1969,Action|Comedy|Western,434
436,"American Werewolf in London, An (1981)",01-Jan-1981,Horror,435
437,Amityville 1992: It's About Time (1992),01-Jan-1992,Horror,436
438,Amityville 3-D (1983),01-Jan-1983,Horror,437
439,Amityville: A New Generation (1993),01-Jan-1993,Horror,438
440,Amityville II: The Possession (1982),01-Jan-1982,Horror,439
441,"Amityville Horror, The (1979)",01-Jan-1979,Horror,440
442,"Amityville Curse, The (1990)",01-Jan-1990,Horror,441
443,"Birds, The (1963)",01-Jan-1963,Horror,442
444,"Blob, The (1958)",01-Jan-1958,Horror|Sci-Fi,443
445,"Body Snatcher, The (1945)",01-Jan-1945,Horror,444
446,Burnt Offerings (1976),01-Jan-1976,Horror,445
447,Carrie (1976),01-Jan-1976,Horror,446
448,"Omen, The (1976)",01-Jan-1976,Horror,447
449,Star Trek: The Motion Picture (1979),01-Jan-1979,Action|Adventure|Sci-Fi,448
450,Star Trek V: The Final Frontier (1989),01-Jan-1989,Action|Adventure|Sci-Fi,449
451,Grease (1978),01-Jan-1978,Comedy|Musical|Romance,450
452,Jaws 2 (1978),01-Jan-1978,Action|Horror,451
453,Jaws 3-D (1983),01-Jan-1983,Action|Horror,452
454,Bastard Out of Carolina (1996),15-Dec-1996,Drama,453
455,Jackie Chan's First Strike (1996),10-Jan-1997,Action,454
456,Beverly Hills Ninja (1997),17-Jan-1997,Action|Comedy,455
457,Free Willy 3: The Rescue (1997),08-Aug-1997,Adventure|Children's|Drama,456
458,Nixon (1995),01-Jan-1995,Drama,457
459,"Cry, the Beloved Country (1995)",01-Jan-1995,Drama,458
460,"Crossing Guard, The (1995)",01-Jan-1995,Drama,459
461,Smoke (1995),01-Jan-1995,Drama,460
462,Like Water For Chocolate (Como agua para chocolate) (1992),01-Jan-1992,Drama|Romance,461
463,"Secret of Roan Inish, The (1994)",01-Jan-1994,Adventure,462
464,Vanya on 42nd Street (1994),01-Jan-1994,Drama,463
465,"Jungle Book, The (1994)",01-Jan-1994,Adventure|Children's|Romance,464
466,Red Rock West (1992),01-Jan-1992,Thriller,465
467,"Bronx Tale, A (1993)",01-Jan-1993,Drama,466
468,Rudy (1993),01-Jan-1993,Drama,467
469,Short Cuts (1993),01-Jan-1993,Drama,468
470,Tombstone (1993),01-Jan-1993,Western,469
471,Courage Under Fire (1996),08-Mar-1996,Drama|War,470
472,Dragonheart (1996),31-May-1996,Action|Adventure|Fantasy,471
473,James and the Giant Peach (1996),12-Apr-1996,Animation|Children's|Musical,472
474,Dr. Strangelove or: How I Learned to Stop Worrying and Love the Bomb (1963),01-Jan-1963,Sci-Fi|War,473
475,Trainspotting (1996),19-Jul-1996,Drama,474
476,"First Wives Club, The (1996)",14-Sep-1996,Comedy,475
477,Matilda (1996),02-Aug-1996,Children's|Comedy,476
478,"Philadelphia Story, The (1940)",01-Jan-1940,Comedy|Romance,477
479,Vertigo (1958),01-Jan-1958,Mystery|Thriller,478
480,North by Northwest (1959),01-Jan-1959,Comedy|Thriller,479
481,"Apartment, The (1960)",01-Jan-1960,Comedy|Drama,480
482,Some Like It Hot (1959),01-Jan-1959,Comedy|Crime,481
483,Casablanca (1942),01-Jan-1942,Drama|Romance|War,482
484,"Maltese Falcon, The (1941)",01-Jan-1941,Film-Noir|Mystery,483
485,My Fair Lady (1964),01-Jan-1964,Musical|Romance,484
486,Sabrina (1954),01-Jan-1954,Comedy|Romance,485
487,Roman Holiday (1953),01-Jan-1953,Comedy|Romance,486
488,Sunset Blvd. (1950),01-Jan-1950,Film-Noir,487
489,Notorious (1946),01-Jan-1946,Film-Noir|Romance|Thriller,488
490,To Catch a Thief (1955),01-Jan-1955,Comedy|Romance|Thriller,489
491,"Adventures of Robin Hood, The (1938)",01-Jan-1938,Action|Adventure,490
492,East of Eden (1955),01-Jan-1955,Drama,491
493,"Thin Man, The (1934)",01-Jan-1934,Mystery,492
494,His Girl Friday (1940),01-Jan-1940,Comedy,493
495,Around the World in 80 Days (1956),01-Jan-1956,Adventure|Comedy,494
496,It's a Wonderful Life (1946),01-Jan-1946,Drama,495
497,Bringing Up Baby (1938),01-Jan-1938,Comedy,496
498,"African Queen, The (1951)",01-Jan-1951,Action|Adventure|Romance|War,497
499,Cat on a Hot Tin Roof (1958),01-Jan-1958,Drama,498
500,Fly Away Home (1996),13-Sep-1996,Adventure|Children's,499
501,Dumbo (1941),01-Jan-1941,Animation|Children's|Musical,500
502,Bananas (1971),01-Jan-1971,Comedy|War,501
503,"Candidate, The (1972)",01-Jan-1972,Drama,502
504,Bonnie and Clyde (1967),01-Jan-1967,Crime|Drama,503
505,Dial M for Murder (1954),01-Jan-1954,Mystery|Thriller,504
506,Rebel Without a Cause (1955),01-Jan-1955,Drama,505
507,"Streetcar Named Desire, A (1951)",01-Jan-1951,Drama,506
508,"People vs. Larry Flynt, The (1996)",27-Dec-1996,Drama,507
509,My Left Foot (1989),01-Jan-1989,Drama,508
510,"Magnificent Seven, The (1954)",01-Jan-1954,Action|Drama|Western,509
511,Lawrence of Arabia (1962),01-Jan-1962,Adventure|War,510
512,Wings of Desire (1987),01-Jan-1987,Comedy|Drama|Romance,511
513,"Third Man, The (1949)",01-Jan-1949,Mystery|Thriller,512
514,Annie Hall (1977),01-Jan-1977,Comedy|Romance,513
515,"Boot, Das (1981)",04-Apr-1997,Action|Drama|War,514
516,Local Hero (1983),01-Jan-1983,Comedy,515
517,Manhattan (1979),01-Jan-1979,Comedy|Drama|Romance,516
518,Miller's Crossing (1990),01-Jan-1990,Drama,517
519,"Treasure of the Sierra Madre, The (1948)",01-Jan-1948,Adventure,518
520,"Great Escape, The (1963)",01-Jan-1963,Adventure|War,519
521,"Deer Hunter, The (1978)",01-Jan-1978,Drama|War,520
522,Down by Law (1986),01-Jan-1986,Comedy|Drama,521
523,Cool Hand Luke (1967),01-Jan-1967,Comedy|Drama,522
524,"Great Dictator, The (1940)",01-Jan-1940,Comedy,523
525,"Big Sleep, The (1946)",01-Jan-1946,Film-Noir|Mystery,524
526,Ben-Hur (1959),01-Jan-1959,Action|Adventure|Drama,525
527,Gandhi (1982),01-Jan-1982,Drama,526
528,"Killing Fields, The (1984)",01-Jan-1984,Drama|War,527
529,My Life as a Dog (Mitt liv som hund) (1985),01-Jan-1985,Drama,528
530,"Man Who Would Be King, The (1975)",01-Jan-1975,Adventure,529
531,Shine (1996),22-Nov-1996,Drama|Romance,530
532,Kama Sutra: A Tale of Love (1996),07-Mar-1997,Romance,531
533,"Daytrippers, The (1996)",21-Mar-1997,Mystery,532
534,Traveller (1997),18-Apr-1997,Drama,533
535,Addicted to Love (1997),23-May-1997,Comedy|Romance,534
536,Ponette (1996),23-May-1997,Drama,535
537,My Own Private Idaho (1991),01-Jan-1991,Drama,536
538,Anastasia (1997),01-Jan-1997,Animation|Children's|Musical,537
539,Mouse Hunt (1997),01-Jan-1997,Children's|Comedy,538
540,Money Train (1995),01-Jan-1995,Action,539
541,Mortal Kombat (1995),01-Jan-1995,Action|Adventure,540
542,Pocahontas (1995),01-Jan-1995,Animation|Children's|Musical|Romance,541
543,"Misérables, Les (1995)",01-Jan-1995,Drama|Musical,542
544,Things to Do in Denver when You're Dead (1995),02-Feb-1996,Crime|Drama|Romance,543
545,Vampire in Brooklyn (1995),01-Jan-1995,Comedy|Romance,544
546,Broken Arrow (1996),09-Feb-1996,Action|Thriller,545
547,"Young Poisoner's Handbook, The (1995)",23-Feb-1996,Crime,546
548,"NeverEnding Story III, The (1994)",02-Feb-1996,Children's|Fantasy,547
549,Rob Roy (1995),01-Jan-1995,Drama|Romance|War,548
550,Die Hard: With a Vengeance (1995),01-Jan-1995,Action|Thriller,549
551,Lord of Illusions (1995),01-Jan-1995,Horror,550
552,Species (1995),01-Jan-1995,Sci-Fi,551
553,"Walk in the Clouds, A (1995)",01-Jan-1995,Drama|Romance,552
554,Waterworld (1995),01-Jan-1995,Action|Adventure,553
555,White Man's Burden (1995),01-Jan-1995,Drama,554
556,Wild Bill (1995),01-Jan-1995,Western,555
557,Farinelli: il castrato (1994),01-Jan-1994,Drama|Musical,556
558,Heavenly Creatures (1994),01-Jan-1994,Drama|Fantasy|Thriller,557
559,Interview with the Vampire (1994),01-Jan-1994,Drama|Horror,558
560,"Kid in King Arthur's Court, A (1995)",01-Jan-1995,Adventure|Children's|Comedy|Fantasy|Romance|Sci-Fi,559
561,Mary Shelley's Frankenstein (1994),01-Jan-1994,Drama|Horror,560
562,"Quick and the Dead, The (1995)",01-Jan-1995,Action|Adventure|Western,561
563,Stephen King's The Langoliers (1995),01-Jan-1995,Horror,562
564,Tales from the Hood (1995),01-Jan-1995,Comedy|Horror,563
565,Village of the Damned (1995),01-Jan-1995,Horror|Thriller,564
566,Clear and Present Danger (1994),01-Jan-1994,Action|Adventure|Thriller,565
567,Wes Craven's New Nightmare (1994),01-Jan-1994,Horror,566
568,Speed (1994),01-Jan-1994,Action|Romance|Thriller,567
569,Wolf (1994),01-Jan-1994,Drama|Horror,568
570,Wyatt Earp (1994),01-Jan-1994,Western,569
571,Another Stakeout (1993),01-Jan-1993,Comedy|Thriller,570
572,Blown Away (1994),01-Jan-1994,Action|Thriller,571
573,Body Snatchers (1993),01-Jan-1993,Horror|Sci-Fi|Thriller,572
574,Boxing Helena (1993),01-Jan-1993,Mystery|Romance|Thriller,573
575,City Slickers II: The Legend of Curly's Gold (1994),01-Jan-1994,Comedy|Western,574
576,Cliffhanger (1993),01-Jan-1993,Action|Adventure|Crime,575
577,Coneheads (1993),01-Jan-1993,Comedy|Sci-Fi,576
578,Demolition Man (1993),01-Jan-1993,Action|Sci-Fi,577
579,Fatal Instinct (1993),01-Jan-1993,Comedy,578
580,"Englishman Who Went Up a Hill, But Came Down a Mountain, The (1995)",01-Jan-1995,Comedy|Romance,579
581,Kalifornia (1993),01-Jan-1993,Drama|Thriller,580
582,"Piano, The (1993)",01-Jan-1993,Drama|Romance,581
583,Romeo Is Bleeding (1993),01-Jan-1993,Crime|Thriller,582
584,"Secret Garden, The (1993)",01-Jan-1993,Children's|Drama,583
585,Son in Law (1993),01-Jan-1993,Comedy,584
586,Terminal Velocity (1994),01-Jan-1994,Action,585
587,"Hour of the Pig, The (1993)",01-Jan-1993,Drama|Mystery,586
588,Beauty and the Beast (1991),01-Jan-1991,Animation|Children's|Musical,587
589,"Wild Bunch, The (1969)",01-Jan-1969,Western,588
590,Hellraiser: Bloodline (1996),08-Mar-1996,Action|Horror|Sci-Fi,589
591,Primal Fear (1996),30-Mar-1996,Drama|Thriller,590
592,True Crime (1995),01-Jan-1995,Mystery|Thriller,591
593,Stalingrad (1993),01-Jan-1993,War,592
594,Heavy (1995),05-Jun-1996,Drama|Romance,593
595,"Fan, The (1996)",16-Aug-1996,Thriller,594
596,"Hunchback of Notre Dame, The (1996)",21-Jun-1996,Animation|Children's|Musical,595
597,Eraser (1996),21-Jun-1996,Action|Thriller,596
598,"Big Squeeze, The (1996)",06-Sep-1996,Comedy|Drama,597
599,Police Story 4: Project S (Chao ji ji hua) (1993),16-Aug-1996,Action,598
600,Daniel Defoe's Robinson Crusoe (1996),01-Jan-1996,Children's,599
601,For Whom the Bell Tolls (1943),01-Jan-1943,Adventure|War,600
602,"American in Paris, An (1951)",01-Jan-1951,Musical|Romance,601
603,Rear Window (1954),01-Jan-1954,Mystery|Thriller,602
604,It Happened One Night (1934),01-Jan-1934,Comedy,603
605,Meet Me in St. Louis (1944),01-Jan-1944,Musical,604
606,All About Eve (1950),01-Jan-1950,Drama,605
607,Rebecca (1940),01-Jan-1940,Romance|Thriller,606
608,Spellbound (1945),01-Jan-1945,Mystery|Romance|Thriller,607
609,Father of the Bride (1950),01-Jan-1950,Comedy,608
610,Gigi (1958),01-Jan-1958,Musical,609
611,Laura (1944),01-Jan-1944,Crime|Film-Noir|Mystery,610
612,Lost Horizon (1937),01-Jan-1937,Drama,611
613,My Man Godfrey (1936),01-Jan-1936,Comedy,612
614,Giant (1956),01-Jan-1956,Drama,613
615,"39 Steps, The (1935)",01-Jan-1935,Thriller,614
616,Night of the Living Dead (1968),01-Jan-1968,Horror|Sci-Fi,615
617,"Blue Angel, The (Blaue Engel, Der) (1930)",01-Jan-1930,Drama,616
618,Picnic (1955),01-Jan-1955,Drama,617
619,Extreme Measures (1996),27-Sep-1996,Drama|Thriller,618
620,"Chamber, The (1996)",11-Oct-1996,Drama,619
621,"Davy Crockett, King of the Wild Frontier (1955)",01-Jan-1955,Western,620
622,Swiss Family Robinson (1960),01-Jan-1960,Adventure|Children's,621
623,Angels in the Outfield (1994),01-Jan-1994,Children's|Comedy,622
624,"Three Caballeros, The (1945)",01-Jan-1945,Animation|Children's|Musical,623
625,"Sword in the Stone, The (1963)",01-Jan-1963,Animation|Children's,624
626,So Dear to My Heart (1949),01-Jan-1949,Children's|Drama,625
627,Robin Hood: Prince of Thieves (1991),01-Jan-1991,Drama,626
628,Sleepers (1996),18-Oct-1996,Crime|Drama,627
629,Victor/Victoria (1982),01-Jan-1982,Comedy|Musical,628
630,"Great Race, The (1965)",01-Jan-1965,Comedy|Musical,629
631,"Crying Game, The (1992)",01-Jan-1992,Action|Drama|Romance|War,630
632,Sophie's Choice (1982),01-Jan-1982,Drama,631
633,"Christmas Carol, A (1938)",01-Jan-1938,Drama,632
634,Microcosmos: Le peuple de l'herbe (1996),11-Oct-1996,Documentary,633
635,"Fog, The (1980)",01-Jan-1980,Horror,634
636,Escape from New York (1981),01-Jan-1981,Action|Adventure|Sci-Fi|Thriller,635
637,"Howling, The (1981)",01-Jan-1981,Comedy|Horror,636
638,"Return of Martin Guerre, The (Retour de Martin Guerre, Le) (1982)",01-Jan-1982,Drama,637
639,"Tin Drum, The (Blechtrommel, Die) (1979)",01-Jan-1979,Drama,638
640,"Cook the Thief His Wife & Her Lover, The (1989)",01-Jan-1989,Drama,639
641,Paths of Glory (1957),01-Jan-1957,Drama|War,640
642,"Grifters, The (1990)",01-Jan-1990,Crime|Drama|Film-Noir,641
643,The Innocent (1994),01-Jan-1994,Drama|Romance,642
644,"Thin Blue Line, The (1988)",01-Jan-1988,Documentary,643
645,Paris Is Burning (1990),01-Jan-1990,Documentary,644
646,Once Upon a Time in the West (1969),01-Jan-1969,Western,645
647,Ran (1985),01-Jan-1985,Drama|War,646
648,"Quiet Man, The (1952)",01-Jan-1952,Comedy|Romance,647
649,Once Upon a Time in America (1984),01-Jan-1984,Crime|Drama|Thriller,648
650,"Seventh Seal, The (Sjunde inseglet, Det) (1957)",01-Jan-1957,Drama,649
651,Glory (1989),01-Jan-1989,Action|Drama|War,650
652,Rosencrantz and Guildenstern Are Dead (1990),01-Jan-1990,Comedy|Drama,651
653,Touch of Evil (1958),01-Jan-1958,Crime|Film-Noir|Thriller,652
654,Chinatown (1974),01-Jan-1974,Film-Noir|Mystery|Thriller,653
655,Stand by Me (1986),01-Jan-1986,Adventure|Comedy|Drama,654
656,M (1931),01-Jan-1931,Crime|Film-Noir|Thriller,655
657,"Manchurian Candidate, The (1962)",01-Jan-1962,Film-Noir|Thriller,656
658,Pump Up the Volume (1990),01-Jan-1990,Drama,657
659,Arsenic and Old Lace (1944),01-Jan-1944,Comedy|Mystery|Thriller,658
660,Fried Green Tomatoes (1991),01-Jan-1991,Drama,659
661,High Noon (1952),01-Jan-1952,Western,660
662,Somewhere in Time (1980),01-Jan-1980,Drama|Romance,661
663,Being There (1979),01-Jan-1979,Comedy,662
664,"Paris, Texas (1984)",01-Jan-1984,Drama,663
665,Alien 3 (1992),01-Jan-1992,Action|Horror|Sci-Fi|Thriller,664
666,Blood For Dracula (Andy Warhol's Dracula) (1974),01-Jan-1974,Horror,665
667,Audrey Rose (1977),01-Jan-1977,Horror,666
668,Blood Beach (1981),01-Jan-1981,Action|Horror,667
669,Body Parts (1991),01-Jan-1991,Horror,668
670,Body Snatchers (1993),01-Jan-1993,Horror|Sci-Fi|Thriller,669
671,Bride of Frankenstein (1935),01-Jan-1935,Horror,670
672,Candyman (1992),01-Jan-1992,Horror,671
673,Cape Fear (1962),01-Jan-1962,Film-Noir|Thriller,672
674,Cat People (1982),01-Jan-1982,Horror,673
675,"Nosferatu (Nosferatu, eine Symphonie des Grauens) (1922)",01-Jan-1922,Horror,674
676,"Crucible, The (1996)",27-Nov-1996,Drama,675
677,Fire on the Mountain (1996),24-Jan-1997,Documentary,676
678,Volcano (1997),25-Apr-1997,Drama|Thriller,677
679,Conan the Barbarian (1981),01-Jan-1981,Action|Adventure,678
680,Kull the Conqueror (1997),29-Aug-1997,Action|Adventure,679
681,Wishmaster (1997),01-Jan-1997,Horror,680
682,I Know What You Did Last Summer (1997),17-Oct-1997,Horror|Mystery|Thriller,681
683,Rocket Man (1997),01-Jan-1997,Comedy,682
684,In the Line of Fire (1993),01-Jan-1993,Action|Thriller,683
685,Executive Decision (1996),09-Mar-1996,Action|Thriller,684
686,"Perfect World, A (1993)",01-Jan-1993,Action|Drama,685
687,McHale's Navy (1997),18-Apr-1997,Comedy|War,686
688,Leave It to Beaver (1997),22-Aug-1997,Comedy,687
689,"Jackal, The (1997)",01-Jan-1997,Action|Thriller,688
690,Seven Years in Tibet (1997),01-Jan-1997,Drama|War,689
691,Dark City (1998),09-Jan-1998,Film-Noir|Sci-Fi|Thriller,690
692,"American President, The (1995)",01-Jan-1995,Comedy|Drama|Romance,691
693,Casino (1995),01-Jan-1995,Drama,692
694,Persuasion (1995),25-Sep-1995,Romance,693
695,Kicking and Screaming (1995),01-Jan-1995,Comedy|Drama,694
696,City Hall (1996),16-Feb-1996,Drama|Thriller,695
697,"Basketball Diaries, The (1995)",01-Jan-1995,Drama,696
698,"Browning Version, The (1994)",01-Jan-1994,Drama,697
699,Little Women (1994),01-Jan-1994,Drama,698
700,Miami Rhapsody (1995),01-Jan-1995,Comedy,699
701,"Wonderful, Horrible Life of Leni Riefenstahl, The (1993)",01-Jan-1993,Documentary,700
702,Barcelona (1994),01-Jan-1994,Comedy|Romance,701
703,Widows' Peak (1994),01-Jan-1994,Drama,702
704,"House of the Spirits, The (1993)",01-Jan-1993,Drama|Romance,703
705,Singin' in the Rain (1952),01-Jan-1952,Musical|Romance,704
706,Bad Moon (1996),01-Nov-1996,Horror,705
707,Enchanted April (1991),01-Jan-1991,Drama,706
708,"Sex, Lies, and Videotape (1989)",01-Jan-1989,Drama,707
709,Strictly Ballroom (1992),01-Jan-1992,Comedy|Romance,708
710,Better Off Dead... (1985),01-Jan-1985,Comedy,709
711,"Substance of Fire, The (1996)",06-Dec-1996,Drama,710
712,Tin Men (1987),01-Jan-1987,Comedy|Drama,711
713,Othello (1995),18-Dec-1995,Drama,712
714,Carrington (1995),01-Jan-1995,Drama|Romance,713
715,To Die For (1995),01-Jan-1995,Comedy|Drama,714
716,Home for the Holidays (1995),01-Jan-1995,Drama|Romance,715
717,"Juror, The (1996)",01-Jan-1996,Drama|Thriller,716
718,In the Bleak Midwinter (1995),23-Feb-1996,Comedy,717
719,Canadian Bacon (1994),01-Jan-1994,Comedy|War,718
720,First Knight (1995),01-Jan-1995,Action|Adventure|Drama|Romance,719
721,Mallrats (1995),01-Jan-1995,Comedy,720
722,Nine Months (1995),01-Jan-1995,Comedy,721
723,Boys on the Side (1995),01-Jan-1995,Comedy|Drama,722
724,Circle of Friends (1995),01-Jan-1995,Drama|Romance,723
725,Exit to Eden (1994),01-Jan-1994,Comedy,724
726,Fluke (1995),01-Jan-1995,Children's|Drama,725
727,Immortal Beloved (1994),01-Jan-1994,Drama|Romance,726
728,Junior (1994),01-Jan-1994,Comedy|Sci-Fi,727
729,Nell (1994),01-Jan-1994,Drama,728
730,"Queen Margot (Reine Margot, La) (1994)",01-Jan-1996,Drama|Romance,729
731,"Corrina, Corrina (1994)",01-Jan-1994,Comedy|Drama|Romance,730
732,Dave (1993),01-Jan-1993,Comedy|Romance,731
733,Go Fish (1994),01-Jan-1994,Drama|Romance,732
734,Made in America (1993),01-Jan-1993,Comedy,733
735,Philadelphia (1993),01-Jan-1993,Drama,734
736,Shadowlands (1993),01-Jan-1993,Drama|Romance,735
737,Sirens (1994),01-Jan-1994,Comedy|Drama,736
738,Threesome (1994),01-Jan-1994,Comedy|Romance,737
739,Pretty Woman (1990),01-Jan-1990,Comedy|Romance,738
740,Jane Eyre (1996),05-Apr-1996,Drama|Romance,739
741,"Last Supper, The (1995)",05-Apr-1996,Drama|Thriller,740
742,Ransom (1996),08-Nov-1996,Drama|Thriller,741
743,"Crow: City of Angels, The (1996)",30-Aug-1996,Action|Thriller,742
744,Michael Collins (1996),11-Oct-1996,Drama|War,743
745,"Ruling Class, The (1972)",01-Jan-1972,Comedy,744
746,Real Genius (1985),01-Jan-1985,Comedy,745
747,Benny & Joon (1993),01-Jan-1993,Comedy|Romance,746
748,"Saint, The (1997)",14-Mar-1997,Action|Romance|Thriller,747
749,"MatchMaker, The (1997)",01-Jan-1997,Comedy|Romance,748
750,Amistad (1997),18-Dec-1997,Drama,749
751,Tomorrow Never Dies (1997),01-Jan-1997,Action|Romance|Thriller,750
752,"Replacement Killers, The (1998)",06-Feb-1998,Action|Thriller,751
753,Burnt By the Sun (1994),01-Jan-1994,Drama,752
754,Red Corner (1997),01-Jan-1997,Crime|Thriller,753
755,Jumanji (1995),01-Jan-1995,Action|Adventure|Children's|Fantasy|Sci-Fi,754
756,Father of the Bride Part II (1995),01-Jan-1995,Comedy,755
757,Across the Sea of Time (1995),01-Jan-1995,Documentary,756
758,Lawnmower Man 2: Beyond Cyberspace (1996),01-Jan-1996,Sci-Fi|Thriller,757
759,Fair Game (1995),01-Jan-1995,Action,758
760,Screamers (1995),01-Jan-1995,Sci-Fi,759
761,Nick of Time (1995),01-Jan-1995,Action|Thriller,760
762,Beautiful Girls (1996),09-Feb-1996,Drama,761
763,Happy Gilmore (1996),16-Feb-1996,Comedy,762
764,If Lucy Fell (1996),08-Mar-1996,Comedy|Romance,763
765,Boomerang (1992),01-Jan-1992,Comedy|Romance,764
766,Man of the Year (1995),01-Mar-1996,Documentary,765
767,"Addiction, The (1995)",01-Jan-1995,Horror,766
768,Casper (1995),01-Jan-1995,Adventure|Children's,767
769,Congo (1995),01-Jan-1995,Action|Adventure|Mystery|Sci-Fi,768
770,Devil in a Blue Dress (1995),01-Jan-1995,Crime|Film-Noir|Mystery|Thriller,769
771,Johnny Mnemonic (1995),01-Jan-1995,Action|Sci-Fi|Thriller,770
772,Kids (1995),01-Jan-1995,Drama,771
773,Mute Witness (1994),01-Jan-1994,Thriller,772
774,"Prophecy, The (1995)",01-Jan-1995,Horror,773
775,Something to Talk About (1995),01-Jan-1995,Comedy|Drama|Romance,774
776,Three Wishes (1995),01-Jan-1995,Drama,775
777,Castle Freak (1995),01-Jan-1995,Horror,776
778,Don Juan DeMarco (1995),01-Jan-1995,Comedy|Drama|Romance,777
779,Drop Zone (1994),01-Jan-1994,Action,778
780,Dumb & Dumber (1994),01-Jan-1994,Comedy,779
781,French Kiss (1995),01-Jan-1995,Comedy|Romance,780
782,Little Odessa (1994),01-Jan-1994,Drama,781
783,Milk Money (1994),01-Jan-1994,Comedy|Romance,782
784,Beyond Bedlam (1993),01-Jan-1993,Drama|Horror,783
785,Only You (1994),01-Jan-1994,Comedy|Romance,784
786,"Perez Family, The (1995)",01-Jan-1995,Comedy|Romance,785
787,Roommates (1995),01-Jan-1995,Comedy|Drama,786
788,Relative Fear (1994),01-Jan-1994,Horror|Thriller,787
789,Swimming with Sharks (1995),01-Jan-1995,Comedy|Drama,788
790,Tommy Boy (1995),01-Jan-1995,Comedy,789
791,"Baby-Sitters Club, The (1995)",01-Jan-1995,Children's,790
792,Bullets Over Broadway (1994),01-Jan-1994,Comedy,791
793,Crooklyn (1994),01-Jan-1994,Comedy,792
794,It Could Happen to You (1994),01-Jan-1994,Drama|Romance,793
795,Richie Rich (1994),01-Jan-1994,Children's|Comedy,794
796,Speechless (1994),01-Jan-1994,Comedy|Romance,795
797,Timecop (1994),01-Jan-1994,Action|Sci-Fi,796
798,Bad Company (1995),01-Jan-1995,Action,797
799,Boys Life (1995),01-Jan-1995,Drama,798
800,In the Mouth of Madness (1995),01-Jan-1995,Horror|Thriller,799
801,"Air Up There, The (1994)",01-Jan-1994,Comedy,800
802,Hard Target (1993),01-Jan-1993,Action|Adventure|Crime|Thriller,801
803,Heaven & Earth (1993),01-Jan-1993,Action|Drama|War,802
804,Jimmy Hollywood (1994),01-Jan-1994,Comedy,803
805,Manhattan Murder Mystery (1993),01-Jan-1993,Comedy|Mystery,804
806,Menace II Society (1993),01-Jan-1993,Action|Crime|Drama,805
807,Poetic Justice (1993),01-Jan-1993,Drama,806
808,"Program, The (1993)",01-Jan-1993,Action|Drama,807
809,Rising Sun (1993),01-Jan-1993,Action|Drama|Mystery,808
810,"Shadow, The (1994)",01-Jan-1994,Action,809
811,Thirty-Two Short Films About Glenn Gould (1993),01-Jan-1993,Documentary,810
812,Andre (1994),01-Jan-1994,Adventure|Children's,811
813,"Celluloid Closet, The (1995)",15-Mar-1996,Documentary,812
814,"Great Day in Harlem, A (1994)",01-Jan-1994,Documentary,813
815,One Fine Day (1996),30-Nov-1996,Drama|Romance,814
816,Candyman: Farewell to the Flesh (1995),01-Jan-1995,Horror,815
817,Frisk (1995),29-Mar-1996,Drama,816
818,Girl 6 (1996),22-Mar-1996,Comedy,817
819,Eddie (1996),31-May-1996,Comedy,818
820,Space Jam (1996),15-Nov-1996,Adventure|Animation|Children's|Comedy|Fantasy,819
821,Mrs. Winterbourne (1996),19-Apr-1996,Comedy|Romance,820
822,Faces (1968),01-Jan-1968,Drama,821
823,Mulholland Falls (1996),26-Apr-1996,Crime|Film-Noir|Thriller,822
824,"Great White Hype, The (1996)",03-May-1996,Comedy,823
825,"Arrival, The (1996)",31-May-1996,Action|Sci-Fi|Thriller,824
826,"Phantom, The (1996)",07-Jun-1996,Adventure,825
827,Daylight (1996),06-Dec-1996,Action|Adventure|Thriller,826
828,Alaska (1996),21-Aug-1996,Adventure|Children's,827
829,Fled (1996),19-Jul-1996,Action|Adventure,828
830,Power 98 (1995),17-May-1996,Action|Mystery|Thriller,829
831,Escape from L.A. (1996),09-Aug-1996,Action|Adventure|Sci-Fi|Thriller,830
832,Bogus (1996),06-Sep-1996,Children's|Drama|Fantasy,831
833,Bulletproof (1996),06-Sep-1996,Action,832
834,Halloween: The Curse of Michael Myers (1995),01-Jan-1995,Horror|Thriller,833
835,"Gay Divorcee, The (1934)",01-Jan-1934,Comedy|Musical|Romance,834
836,Ninotchka (1939),01-Jan-1939,Comedy|Romance,835
837,Meet John Doe (1941),01-Jan-1941,Drama,836
838,In the Line of Duty 2 (1987),30-Aug-1996,Action,837
839,Loch Ness (1995),01-Jan-1995,Horror|Thriller,838
840,Last Man Standing (1996),20-Sep-1996,Action|Drama|Western,839
841,"Glimmer Man, The (1996)",04-Oct-1996,Action|Thriller,840
842,Pollyanna (1960),01-Jan-1960,Children's|Comedy|Drama,841
843,"Shaggy Dog, The (1959)",01-Jan-1959,Children's|Comedy,842
844,Freeway (1996),23-Aug-1996,Crime,843
845,That Thing You Do! (1996),28-Sep-1996,Comedy,844
846,To Gillian on Her 37th Birthday (1996),18-Oct-1996,Drama|Romance,845
847,Looking for Richard (1996),11-Oct-1996,Documentary|Drama,846
848,"Murder, My Sweet (1944)",01-Jan-1944,Film-Noir|Thriller,847
849,Days of Thunder (1990),01-Jan-1990,Action|Romance,848
850,"Perfect Candidate, A (1996)",27-Sep-1996,Documentary,849
851,Two or Three Things I Know About Her (1966),01-Jan-1966,Drama,850
852,"Bloody Child, The (1996)",26-Oct-1996,Drama|Thriller,851
853,Braindead (1992),01-Jan-1992,Comedy|Horror,852
854,Bad Taste (1987),01-Jan-1987,Comedy|Horror,853
855,Diva (1981),01-Jan-1981,Action|Drama|Mystery|Romance|Thriller,854
856,Night on Earth (1991),01-Jan-1991,Comedy|Drama,855
857,Paris Was a Woman (1995),08-Nov-1996,Documentary,856
858,Amityville: Dollhouse (1996),01-Jan-1996,Horror,857
859,April Fool's Day (1986),01-Jan-1986,Comedy|Horror,858
860,"Believers, The (1987)",01-Jan-1987,Horror|Thriller,859
861,Nosferatu a Venezia (1986),01-Jan-1986,Horror,860
862,Jingle All the Way (1996),22-Nov-1996,Adventure|Children's|Comedy,861
863,"Garden of Finzi-Contini, The (Giardino dei Finzi-Contini, Il) (1970)",08-Nov-1996,Drama,862
864,My Fellow Americans (1996),20-Dec-1996,Comedy,863
865,"Ice Storm, The (1997)",01-Jan-1997,Drama,864
866,Michael (1996),25-Dec-1996,Comedy|Romance,865
867,"Whole Wide World, The (1996)",25-Dec-1996,Drama,866
868,Hearts and Minds (1996),10-Jan-1997,Drama,867
869,Fools Rush In (1997),14-Feb-1997,Comedy|Romance,868
870,Touch (1997),14-Feb-1997,Romance,869
871,Vegas Vacation (1997),14-Feb-1997,Comedy,870
872,Love Jones (1997),14-Mar-1997,Romance,871
873,Picture Perfect (1997),01-Aug-1997,Comedy|Romance,872
874,Career Girls (1997),08-Aug-1997,Drama,873
875,She's So Lovely (1997),22-Aug-1997,Drama|Romance,874
876,Money Talks (1997),22-Aug-1997,Action|Comedy,875
877,Excess Baggage (1997),01-Jan-1997,Adventure|Romance,876
878,That Darn Cat! (1997),14-Feb-1997,Children's|Comedy|Mystery,877
879,"Peacemaker, The (1997)",01-Jan-1997,Action|Thriller|War,878
880,Soul Food (1997),01-Jan-1997,Drama,879
881,Money Talks (1997),22-Aug-1997,Action|Comedy,880
882,Washington Square (1997),01-Jan-1997,Drama,881
883,Telling Lies in America (1997),01-Jan-1997,Drama,882
884,Year of the Horse (1997),01-Jan-1997,Documentary,883
885,Phantoms (1998),01-Jan-1998,Horror,884
886,"Life Less Ordinary, A (1997)",01-Jan-1997,Romance|Thriller,885
887,Eve's Bayou (1997),01-Jan-1997,Drama,886
888,One Night Stand (1997),01-Jan-1997,Drama,887
889,"Tango Lesson, The (1997)",01-Jan-1997,Romance,888
890,Mortal Kombat: Annihilation (1997),01-Jan-1997,Action|Adventure,889
891,Bent (1997),18-Dec-1997,Drama|War,890
892,Flubber (1997),01-Jan-1997,Children's|Comedy|Fantasy,891
893,For Richer or Poorer (1997),01-Jan-1997,Comedy,892
894,Home Alone 3 (1997),01-Jan-1997,Children's|Comedy,893
895,Scream 2 (1997),01-Jan-1997,Horror|Thriller,894
896,"Sweet Hereafter, The (1997)",01-Jan-1997,Drama,895
897,Time Tracers (1995),01-Jan-1995,Action|Adventure|Sci-Fi,896
898,"Postman, The (1997)",01-Jan-1997,Drama,897
899,"Winter Guest, The (1997)",01-Jan-1997,Drama,898
900,Kundun (1997),25-Dec-1997,Drama,899
901,Mr. Magoo (1997),25-Dec-1997,Comedy,900
902,"Big Lebowski, The (1998)",26-Dec-1997,Comedy|Crime|Mystery|Thriller,901
903,Afterglow (1997),26-Dec-1997,Drama|Romance,902
904,Ma vie en rose (My Life in Pink) (1997),26-Dec-1997,Comedy|Drama,903
905,Great Expectations (1998),01-Jan-1998,Drama|Romance,904
906,Oscar & Lucinda (1997),31-Dec-1997,Drama|Romance,905
907,Vermin (1998),01-Jan-1997,Comedy,906
908,Half Baked (1998),16-Jan-1998,Comedy,907
909,Dangerous Beauty (1998),23-Jan-1998,Drama,908
910,Nil By Mouth (1997),06-Feb-1998,Drama,909
911,Twilight (1998),30-Jan-1998,Crime|Drama,910
912,U.S. Marshalls (1998),10-Mar-1998,Action|Thriller,911
913,Love and Death on Long Island (1997),10-Mar-1998,Comedy,912
914,Wild Things (1998),14-Mar-1998,Crime|Drama|Mystery|Thriller,913
915,Primary Colors (1998),20-Mar-1998,Drama,914
916,Lost in Space (1998),27-Mar-1998,Action|Sci-Fi|Thriller,915
917,Mercury Rising (1998),27-Mar-1998,Action|Drama|Thriller,916
918,City of Angels (1998),03-Apr-1998,Romance,917
919,"City of Lost Children, The (1995)",01-Jan-1995,Adventure|Sci-Fi,918
920,Two Bits (1995),01-Jan-1995,Drama,919
921,Farewell My Concubine (1993),01-Jan-1993,Drama|Romance,920
922,Dead Man (1995),10-May-1996,Western,921
923,Raise the Red Lantern (1991),01-Jan-1991,Drama,922
924,White Squall (1996),01-Jan-1996,Adventure|Drama,923
925,Unforgettable (1996),23-Feb-1996,Sci-Fi|Thriller,924
926,Down Periscope (1996),01-Mar-1996,Comedy,925
927,"Flower of My Secret, The (Flor de mi secreto, La) (1995)",08-Mar-1996,Drama,926
928,"Craft, The (1996)",26-Apr-1996,Drama|Horror,927
929,Harriet the Spy (1996),03-Jul-1996,Children's|Comedy,928
930,Chain Reaction (1996),31-Jul-1996,Action|Adventure|Thriller,929
931,"Island of Dr. Moreau, The (1996)",23-Aug-1996,Sci-Fi|Thriller,930
932,First Kid (1996),30-Aug-1996,Children's|Comedy,931
933,"Funeral, The (1996)",25-Oct-1996,Drama,932
934,"Preacher's Wife, The (1996)",13-Dec-1996,Drama,933
935,Paradise Road (1997),18-Apr-1997,Drama|War,934
936,Brassed Off (1996),13-Jun-1997,Comedy|Drama|Romance,935
937,"Thousand Acres, A (1997)",01-Jan-1997,Drama,936
938,"Smile Like Yours, A (1997)",01-Jan-1997,Comedy|Romance,937
939,Murder in the First (1995),01-Jan-1995,Drama|Thriller,938
940,Airheads (1994),01-Jan-1994,Comedy,939
941,With Honors (1994),01-Jan-1994,Comedy|Drama,940
942,What's Love Got to Do with It (1993),01-Jan-1993,Drama,941
943,Killing Zoe (1994),01-Jan-1994,Thriller,942
944,Renaissance Man (1994),01-Jan-1994,Comedy|Drama|War,943
945,Charade (1963),01-Jan-1963,Comedy|Mystery|Romance|Thriller,944
946,"Fox and the Hound, The (1981)",01-Jan-1981,Animation|Children's,945
947,"Big Blue, The (Grand bleu, Le) (1988)",01-Jan-1988,Adventure|Romance,946
948,Booty Call (1997),28-Feb-1997,Comedy|Romance,947
949,How to Make an American Quilt (1995),01-Jan-1995,Drama|Romance,948
950,Georgia (1995),01-Jan-1995,Drama,949
951,"Indian in the Cupboard, The (1995)",01-Jan-1995,Adventure|Children's|Fantasy,950
952,Blue in the Face (1995),01-Jan-1995,Comedy,951
953,Unstrung Heroes (1995),01-Jan-1995,Comedy|Drama,952
954,Unzipped (1995),01-Jan-1995,Documentary,953
955,Before Sunrise (1995),01-Jan-1995,Drama|Romance,954
956,Nobody's Fool (1994),01-Jan-1994,Drama,955
957,Pushing Hands (1992),01-Jan-1992,Comedy,956
958,To Live (Huozhe) (1994),01-Jan-1994,Drama,957
959,Dazed and Confused (1993),01-Jan-1993,Comedy,958
960,Naked (1993),01-Jan-1993,Drama,959
961,Orlando (1993),01-Jan-1993,Drama,960
962,Ruby in Paradise (1993),01-Jan-1993,Drama,961
963,Some Folks Call It a Sling Blade (1993),01-Jan-1993,Drama|Thriller,962
964,"Month by the Lake, A (1995)",01-Jan-1995,Comedy|Drama,963
965,Funny Face (1957),01-Jan-1957,Comedy|Musical,964
966,"Affair to Remember, An (1957)",01-Jan-1957,Romance,965
967,Little Lord Fauntleroy (1936),01-Jan-1936,Drama,966
968,"Inspector General, The (1949)",01-Jan-1949,Musical,967
969,Winnie the Pooh and the Blustery Day (1968),01-Jan-1968,Animation|Children's,968
970,Hear My Song (1991),01-Jan-1991,Comedy,969
971,Mediterraneo (1991),01-Jan-1991,Comedy|War,970
972,Passion Fish (1992),01-Jan-1992,Drama,971
973,Grateful Dead (1995),18-Oct-1996,Documentary,972
974,Eye for an Eye (1996),01-Jan-1996,Drama|Thriller,973
975,Fear (1996),12-Apr-1996,Thriller,974
976,Solo (1996),23-Aug-1996,Action|Sci-Fi|Thriller,975
977,"Substitute, The (1996)",19-Apr-1996,Action,976
978,Heaven's Prisoners (1996),10-May-1996,Mystery|Thriller,977
979,"Trigger Effect, The (1996)",30-Aug-1996,Drama|Thriller,978
980,Mother Night (1996),01-Nov-1996,Drama,979
981,Dangerous Ground (1997),04-Sep-1996,Drama,980
982,Maximum Risk (1996),13-Sep-1996,Action|Adventure|Thriller,981
983,"Rich Man's Wife, The (1996)",13-Sep-1996,Thriller,982
984,Shadow Conspiracy (1997),31-Jan-1997,Thriller,983
985,Blood & Wine (1997),15-Nov-1996,Drama,984
986,Turbulence (1997),10-Jan-1997,Thriller,985
987,Underworld (1997),09-May-1997,Thriller,986
988,"Beautician and the Beast, The (1997)",07-Feb-1997,Comedy|Romance,987
989,Cats Don't Dance (1997),26-Mar-1997,Animation|Children's|Musical,988
990,Anna Karenina (1997),04-Apr-1997,Drama|Romance,989
991,Keys to Tulsa (1997),11-Apr-1997,Crime,990
992,Head Above Water (1996),20-Jun-1997,Comedy|Thriller,991
993,Hercules (1997),27-Jun-1997,Adventure|Animation|Children's|Comedy|Musical,992
994,"Last Time I Committed Suicide, The (1997)",20-Jun-1997,Drama,993
995,"Kiss Me, Guido (1997)",01-Jan-1997,Comedy,994
996,"Big Green, The (1995)",01-Jan-1995,Children's|Comedy,995
997,Stuart Saves His Family (1995),01-Jan-1995,Comedy,996
998,Cabin Boy (1994),01-Jan-1994,Comedy,997
999,Clean Slate (1994),01-Jan-1994,Comedy,998
1000,Lightning Jack (1994),01-Jan-1994,Comedy|Western,999
1001,"Stupids, The (1996)",30-Aug-1996,Comedy,1000
1002,"Pest, The (1997)",07-Feb-1997,Comedy,1001
1003,That Darn Cat! (1997),14-Feb-1997,Children's|Comedy|Mystery,1002
1004,Geronimo: An American Legend (1993),01-Jan-1993,Drama|Western,1003
1005,"Double vie de Véronique, La (Double Life of Veronique, The) (1991)",01-Jan-1991,Drama,1004
1006,Until the End of the World (Bis ans Ende der Welt) (1991),01-Jan-1991,Drama|Sci-Fi,1005
1007,Waiting for Guffman (1996),31-Jan-1997,Comedy,1006
1008,I Shot Andy Warhol (1996),01-May-1996,Drama,1007
1009,Stealing Beauty (1996),14-Jun-1996,Drama,1008
1010,Basquiat (1996),16-Aug-1996,Drama,1009
1011,2 Days in the Valley (1996),27-Sep-1996,Crime,1010
1012,Private Parts (1997),07-Mar-1997,Comedy|Drama,1011
1013,Anaconda (1997),11-Apr-1997,Action|Adventure|Thriller,1012
1014,Romy and Michele's High School Reunion (1997),25-Apr-1997,Comedy,1013
1015,Shiloh (1997),23-May-1997,Children's|Drama,1014
1016,Con Air (1997),06-Jun-1997,Action|Adventure|Thriller,1015
1017,Trees Lounge (1996),11-Oct-1996,Drama,1016
1018,Tie Me Up! Tie Me Down! (1990),01-Jan-1990,Drama,1017
1019,"Die xue shuang xiong (Killer, The) (1989)",01-Jan-1989,Action|Thriller,1018
1020,Gaslight (1944),01-Jan-1944,Mystery|Thriller,1019
1021,8 1/2 (1963),01-Jan-1963,Drama,1020
1022,"Fast, Cheap & Out of Control (1997)",01-Jan-1997,Documentary,1021
1023,Fathers' Day (1997),09-May-1997,Comedy,1022
1024,Mrs. Dalloway (1997),01-Jan-1997,Romance,1023
1025,Fire Down Below (1997),01-Jan-1997,Action|Drama|Thriller,1024
1026,"Lay of the Land, The (1997)",01-Jan-1997,Comedy|Drama,1025
1027,"Shooter, The (1995)",01-Jan-1995,Action,1026
1028,Grumpier Old Men (1995),01-Jan-1995,Comedy|Romance,1027
1029,Jury Duty (1995),01-Jan-1995,Comedy,1028
1030,"Beverly Hillbillies, The (1993)",01-Jan-1993,Comedy,1029
1031,Lassie (1994),01-Jan-1994,Adventure|Children's,1030
1032,Little Big League (1994),01-Jan-1994,Children's|Comedy,1031
1033,Homeward Bound II: Lost in San Francisco (1996),08-Mar-1996,Adventure|Children's,1032
1034,"Quest, The (1996)",26-Apr-1996,Action|Adventure,1033
1035,Cool Runnings (1993),01-Jan-1993,Comedy,1034
1036,Drop Dead Fred (1991),01-Jan-1991,Comedy|Fantasy,1035
1037,Grease 2 (1982),01-Jan-1982,Comedy|Musical|Romance,1036
1038,Switchback (1997),01-Jan-1997,Thriller,1037
1039,Hamlet (1996),24-Jan-1997,Drama,1038
1040,Two if by Sea (1996),01-Jan-1996,Comedy|Romance,1039
1041,Forget Paris (1995),01-Jan-1995,Comedy|Romance,1040
1042,Just Cause (1995),01-Jan-1995,Mystery|Thriller,1041
1043,Rent-a-Kid (1995),01-Jan-1995,Comedy,1042
1044,"Paper, The (1994)",01-Jan-1994,Comedy|Drama,1043
1045,Fearless (1993),01-Jan-1993,Drama,1044
1046,Malice (1993),01-Jan-1993,Thriller,1045
1047,Multiplicity (1996),12-Jul-1996,Comedy,1046
1048,She's the One (1996),23-Aug-1996,Comedy|Romance,1047
1049,House Arrest (1996),02-Aug-1996,Comedy,1048
1050,"Ghost and Mrs. Muir, The (1947)",01-Jan-1947,Drama|Romance,1049
1051,"Associate, The (1996)",19-Oct-1996,Comedy,1050
1052,Dracula: Dead and Loving It (1995),01-Jan-1995,Comedy|Horror,1051
1053,Now and Then (1995),01-Jan-1995,Drama,1052
1054,Mr. Wrong (1996),16-Feb-1996,Comedy,1053
1055,"Simple Twist of Fate, A (1994)",01-Jan-1994,Drama,1054
1056,Cronos (1992),01-Jan-1992,Horror,1055
1057,"Pallbearer, The (1996)",19-Apr-1996,Comedy,1056
1058,"War, The (1994)",01-Jan-1994,Adventure|Drama,1057
1059,Don't Be a Menace to South Central While Drinking Your Juice in the Hood (1996),01-Jan-1996,Comedy,1058
1060,"Adventures of Pinocchio, The (1996)",26-Jul-1996,Adventure|Children's,1059
1061,"Evening Star, The (1996)",25-Dec-1996,Comedy|Drama,1060
1062,Four Days in September (1997),23-Jan-1998,Drama,1061
1063,"Little Princess, A (1995)",01-Jan-1995,Children's|Drama,1062
1064,Crossfire (1947),01-Jan-1947,Crime|Film-Noir,1063
1065,Koyaanisqatsi (1983),01-Jan-1983,Documentary|War,1064
1066,Balto (1995),01-Jan-1995,Animation|Children's,1065
1067,Bottle Rocket (1996),21-Feb-1996,Comedy,1066
1068,"Star Maker, The (Uomo delle stelle, L') (1995)",01-Mar-1996,Drama,1067
1069,Amateur (1994),01-Jan-1994,Crime|Drama|Thriller,1068
1070,Living in Oblivion (1995),01-Jan-1995,Comedy,1069
1071,Party Girl (1995),01-Jan-1995,Comedy,1070
1072,"Pyromaniac's Love Story, A (1995)",01-Jan-1995,Comedy|Romance,1071
1073,Shallow Grave (1994),01-Jan-1994,Thriller,1072
1074,Reality Bites (1994),01-Jan-1994,Comedy|Drama,1073
1075,"Man of No Importance, A (1994)",01-Jan-1994,Drama,1074
1076,"Pagemaster, The (1994)",01-Jan-1994,Action|Adventure|Animation|Children's|Fantasy,1075
1077,Love and a .45 (1994),01-Jan-1994,Thriller,1076
1078,Oliver & Company (1988),29-Mar-1988,Animation|Children's,1077
1079,Joe's Apartment (1996),26-Jul-1996,Comedy|Musical,1078
1080,Celestial Clockwork (1994),12-Jul-1996,Comedy,1079
1081,Curdled (1996),27-Sep-1996,Crime,1080
1082,Female Perversions (1996),25-Apr-1997,Drama,1081
1083,Albino Alligator (1996),17-Jan-1997,Crime|Thriller,1082
1084,Anne Frank Remembered (1995),23-Feb-1996,Documentary,1083
1085,Carried Away (1996),29-Mar-1996,Drama|Romance,1084
1086,It's My Party (1995),22-Mar-1996,Drama,1085
1087,Bloodsport 2 (1995),01-Mar-1996,Action,1086
1088,Double Team (1997),04-Apr-1997,Action,1087
1089,Speed 2: Cruise Control (1997),13-Jun-1997,Action|Romance|Thriller,1088
1090,Sliver (1993),01-Jan-1993,Thriller,1089
1091,Pete's Dragon (1977),01-Jan-1977,Adventure|Animation|Children's|Musical,1090
1092,Dear God (1996),01-Nov-1996,Comedy,1091
1093,Live Nude Girls (1995),01-Mar-1996,Comedy,1092
1094,"Thin Line Between Love and Hate, A (1996)",03-Apr-1996,Comedy,1093
1095,High School High (1996),25-Oct-1996,Comedy,1094
1096,Commandments (1997),02-May-1997,Romance,1095
1097,"Hate (Haine, La) (1995)",09-Feb-1996,Drama,1096
1098,Flirting With Disaster (1996),22-Mar-1996,Comedy,1097
1099,"Red Firecracker, Green Firecracker (1994)",01-Jan-1994,Drama,1098
1100,What Happened Was... (1994),01-Jan-1994,Comedy|Drama|Romance,1099
1101,Six Degrees of Separation (1993),01-Jan-1993,Drama|Mystery,1100
1102,Two Much (1996),01-Jan-1996,Comedy|Romance,1101
1103,Trust (1990),01-Jan-1990,Comedy|Drama,1102
1104,C'est arrivé près de chez vous (1992),01-Jan-1992,Comedy|Crime|Drama,1103
1105,Firestorm (1998),09-Jan-1998,Action|Adventure|Thriller,1104
1106,"Newton Boys, The (1998)",14-Mar-1998,Crime|Drama,1105
1107,Beyond Rangoon (1995),01-Jan-1995,Drama,1106
1108,Feast of July (1995),01-Jan-1995,Drama,1107
1109,Death and the Maiden (1994),01-Jan-1994,Drama|Thriller,1108
1110,Tank Girl (1995),01-Jan-1995,Action|Comedy|Musical|Sci-Fi,1109
1111,Double Happiness (1994),01-Mar-1996,Drama,1110
1112,Cobb (1994),01-Jan-1994,Drama,1111
1113,Mrs. Parker and the Vicious Circle (1994),01-Jan-1994,Drama,1112
1114,Faithful (1996),03-Apr-1996,Comedy,1113
1115,Twelfth Night (1996),25-Oct-1996,Comedy|Drama|Romance,1114
1116,"Mark of Zorro, The (1940)",01-Jan-1940,Adventure,1115
1117,Surviving Picasso (1996),20-Sep-1996,Drama,1116
1118,Up in Smoke (1978),01-Jan-1978,Comedy,1117
1119,Some Kind of Wonderful (1987),01-Jan-1987,Drama|Romance,1118
1120,I'm Not Rappaport (1996),13-Nov-1996,Comedy,1119
1121,"Umbrellas of Cherbourg, The (Parapluies de Cherbourg, Les) (1964)",05-Apr-1996,Drama|Musical,1120
1122,They Made Me a Criminal (1939),01-Jan-1939,Crime|Drama,1121
1123,"Last Time I Saw Paris, The (1954)",01-Jan-1954,Drama,1122
1124,"Farewell to Arms, A (1932)",01-Jan-1932,Romance|War,1123
1125,"Innocents, The (1961)",01-Jan-1961,Thriller,1124
1126,"Old Man and the Sea, The (1958)",01-Jan-1958,Adventure|Drama,1125
1127,"Truman Show, The (1998)",01-Jan-1998,Drama,1126
1128,Heidi Fleiss: Hollywood Madam (1995) ,09-Feb-1996,Documentary,1127
1129,Chungking Express (1994),16-Feb-1996,Drama|Mystery|Romance,1128
1130,Jupiter's Wife (1994),09-Feb-1996,Documentary,1129
1131,Safe (1995),01-Jan-1995,Thriller,1130
1132,Feeling Minnesota (1996),13-Sep-1996,Drama|Romance,1131
1133,Escape to Witch Mountain (1975),01-Jan-1975,Adventure|Children's|Fantasy,1132
1134,Get on the Bus (1996),16-Oct-1996,Drama,1133
1135,"Doors, The (1991)",01-Jan-1991,Drama|Musical,1134
1136,Ghosts of Mississippi (1996),20-Dec-1996,Drama,1135
1137,Beautiful Thing (1996),09-Oct-1996,Drama|Romance,1136
1138,Best Men (1997),01-Sep-1997,Action|Comedy|Crime|Drama,1137
1139,Hackers (1995),01-Jan-1995,Action|Crime|Thriller,1138
1140,"Road to Wellville, The (1994)",01-Jan-1994,Comedy,1139
1141,"War Room, The (1993)",01-Jan-1993,Documentary,1140
1142,When We Were Kings (1996),14-Feb-1997,Documentary,1141
1143,Hard Eight (1996),28-Feb-1997,Crime|Thriller,1142
1144,"Quiet Room, The (1996)",02-May-1997,Drama,1143
1145,Blue Chips (1994),01-Jan-1994,Drama,1144
1146,Calendar Girl (1993),01-Jan-1993,Drama,1145
1147,My Family (1995),01-Jan-1995,Drama,1146
1148,Tom & Viv (1994),01-Jan-1994,Drama,1147
1149,Walkabout (1971),20-Dec-1971,Drama,1148
1150,Last Dance (1996),03-May-1996,Drama,1149
1151,Original Gangstas (1996),10-May-1996,Crime,1150
1152,In Love and War (1996),24-Jan-1997,Romance|War,1151
1153,Backbeat (1993),01-Jan-1993,Drama|Musical,1152
1154,Alphaville (1965),01-Jan-1965,Sci-Fi,1153
1155,"Rendezvous in Paris (Rendez-vous de Paris, Les) (1995)",28-Jun-1996,Comedy|Romance,1154
1156,Cyclo (1995),02-Aug-1996,Crime|Drama,1155
1157,"Relic, The (1997)",17-Jan-1997,Horror,1156
1158,"Fille seule, La (A Single Girl) (1995)",30-Oct-1996,Drama,1157
1159,Stalker (1979),01-Jan-1979,Mystery|Sci-Fi,1158
1160,Love! Valour! Compassion! (1997),16-May-1997,Drama|Romance,1159
1161,Palookaville (1996),25-Oct-1996,Action|Drama,1160
1162,Phat Beach (1996),02-Aug-1996,Comedy,1161
1163,"Portrait of a Lady, The (1996)",27-Dec-1996,Drama,1162
1164,Zeus and Roxanne (1997),10-Jan-1997,Children's,1163
1165,Big Bully (1996),01-Jan-1996,Comedy|Drama,1164
1166,Love & Human Remains (1993),01-Jan-1993,Comedy,1165
1167,"Sum of Us, The (1994)",01-Jan-1994,Comedy,1166
1168,Little Buddha (1993),01-Jan-1993,Drama,1167
1169,Fresh (1994),01-Jan-1994,Drama,1168
1170,Spanking the Monkey (1994),01-Jan-1994,Comedy|Drama,1169
1171,Wild Reeds (1994),01-Jan-1994,Drama,1170
1172,"Women, The (1939)",01-Jan-1939,Comedy,1171
1173,Bliss (1997),06-Jun-1997,Drama|Romance,1172
1174,Caught (1996),27-Sep-1996,Drama|Thriller,1173
1175,Hugo Pool (1997),01-Jan-1997,Romance,1174
1176,Welcome To Sarajevo (1997),01-Jan-1997,Drama|War,1175
1177,Dunston Checks In (1996),01-Jan-1996,Comedy,1176
1178,Major Payne (1994),01-Jan-1994,Comedy,1177
1179,Man of the House (1995),01-Jan-1995,Comedy,1178
1180,I Love Trouble (1994),01-Jan-1994,Action|Comedy,1179
1181,"Low Down Dirty Shame, A (1994)",01-Jan-1994,Action|Comedy,1180
1182,Cops and Robbersons (1994),01-Jan-1994,Comedy,1181
1183,"Cowboy Way, The (1994)",01-Jan-1994,Action|Comedy,1182
1184,"Endless Summer 2, The (1994)",01-Jan-1994,Documentary,1183
1185,In the Army Now (1994),01-Jan-1994,Comedy|War,1184
1186,"Inkwell, The (1994)",01-Jan-1994,Comedy|Drama,1185
1187,Switchblade Sisters (1975),17-May-1975,Crime,1186
1188,Young Guns II (1990),01-Jan-1990,Action|Comedy|Western,1187
1189,Prefontaine (1997),24-Jan-1997,Drama,1188
1190,That Old Feeling (1997),04-Apr-1997,Comedy|Romance,1189
1191,"Letter From Death Row, A (1998)",01-Feb-1998,Crime|Drama,1190
1192,"Boys of St. Vincent, The (1993)",01-Jan-1993,Drama,1191
1193,Before the Rain (Pred dozhdot) (1994),01-Jan-1994,Drama,1192
1194,Once Were Warriors (1994),01-Jan-1994,Crime|Drama,1193
1195,Strawberry and Chocolate (Fresa y chocolate) (1993),01-Jan-1993,Drama,1194
1196,"Savage Nights (Nuits fauves, Les) (1992)",01-Jan-1992,Drama,1195
1197,"Family Thing, A (1996)",23-Mar-1996,Comedy|Drama,1196
1198,Purple Noon (1960),28-Jun-1960,Crime|Thriller,1197
1199,Cemetery Man (Dellamorte Dellamore) (1994),12-Apr-1996,Comedy|Horror,1198
1200,Kim (1950),01-Jan-1950,Children's|Drama,1199
1201,Marlene Dietrich: Shadow and Light (1996) ,02-Apr-1996,Documentary,1200
1202,"Maybe, Maybe Not (Bewegte Mann, Der) (1994)",19-Jul-1996,Comedy,1201
1203,Top Hat (1935),01-Jan-1935,Comedy|Musical|Romance,1202
1204,To Be or Not to Be (1942),01-Jan-1942,Comedy|Drama|War,1203
1205,"Secret Agent, The (1996)",08-Nov-1996,Drama,1204
1206,Amos & Andrew (1993),01-Jan-1993,Comedy,1205
1207,Jade (1995),01-Jan-1995,Thriller,1206
1208,Kiss of Death (1995),01-Jan-1995,Crime|Drama|Thriller,1207
1209,Mixed Nuts (1994),01-Jan-1994,Comedy,1208
1210,Virtuosity (1995),01-Jan-1995,Sci-Fi|Thriller,1209
1211,Blue Sky (1994),01-Jan-1994,Drama|Romance,1210
1212,Flesh and Bone (1993),01-Jan-1993,Drama|Mystery|Romance,1211
1213,Guilty as Sin (1993),01-Jan-1993,Crime|Drama|Thriller,1212
1214,In the Realm of the Senses (Ai no corrida) (1976),08-Mar-1976,Drama,1213
1215,Barb Wire (1996),03-May-1996,Action|Sci-Fi,1214
1216,Kissed (1996),18-Apr-1997,Romance,1215
1217,Assassins (1995),01-Jan-1995,Thriller,1216
1218,Friday (1995),01-Jan-1995,Comedy,1217
1219,"Goofy Movie, A (1995)",01-Jan-1995,Animation|Children's|Comedy|Romance,1218
1220,Higher Learning (1995),01-Jan-1995,Drama,1219
1221,When a Man Loves a Woman (1994),01-Jan-1994,Drama,1220
1222,Judgment Night (1993),01-Jan-1993,Action,1221
1223,King of the Hill (1993),01-Jan-1993,Drama,1222
1224,"Scout, The (1994)",01-Jan-1994,Drama,1223
1225,Angus (1995),01-Jan-1995,Comedy,1224
1226,Night Falls on Manhattan (1997),16-May-1997,Crime|Drama,1225
1227,"Awfully Big Adventure, An (1995)",01-Jan-1995,Drama,1226
1228,Under Siege 2: Dark Territory (1995),01-Jan-1995,Action,1227
1229,Poison Ivy II (1995),01-Jan-1995,Drama|Thriller,1228
1230,Ready to Wear (Pret-A-Porter) (1994),01-Jan-1994,Comedy,1229
1231,Marked for Death (1990),01-Jan-1990,Action|Drama,1230
1232,Madonna: Truth or Dare (1991),01-Jan-1991,Documentary,1231
1233,Nénette et Boni (1996),01-Jan-1996,Drama,1232
1234,Chairman of the Board (1998),01-Jan-1998,Comedy,1233
1235,"Big Bang Theory, The (1994)",01-Jan-1994,Crime,1234
1236,"Other Voices, Other Rooms (1997)",01-Jan-1997,Drama,1235
1237,Twisted (1996),01-Jan-1996,Comedy|Drama,1236
1238,Full Speed (1996),01-Jan-1996,Drama,1237
1239,Cutthroat Island (1995),01-Jan-1995,Action|Adventure|Romance,1238
1240,Ghost in the Shell (Kokaku kidotai) (1995),12-Apr-1996,Animation|Sci-Fi,1239
1241,"Van, The (1996)",27-Jun-1997,Comedy|Drama,1240
1242,"Old Lady Who Walked in the Sea, The (Vieille qui marchait dans la mer, La) (1991)",01-Jan-1991,Comedy,1241
1243,Night Flier (1997),06-Feb-1998,Horror,1242
1244,Metro (1997),17-Jan-1997,Action,1243
1245,Gridlock'd (1997),29-Jan-1997,Crime,1244
1246,Bushwhacked (1995),01-Jan-1995,Comedy,1245
1247,Bad Girls (1994),01-Jan-1994,Western,1246
1248,Blink (1994),01-Jan-1994,Thriller,1247
1249,For Love or Money (1993),01-Jan-1993,Comedy,1248
1250,Best of the Best 3: No Turning Back (1995),01-Jan-1995,Action,1249
1251,A Chef in Love (1996),25-Apr-1997,Comedy,1250
1252,"Contempt (Mépris, Le) (1963)",27-Jun-1997,Drama,1251
1253,"Tie That Binds, The (1995)",01-Jan-1995,Thriller,1252
1254,Gone Fishin' (1997),30-May-1997,Comedy,1253
1255,Broken English (1996),02-May-1997,Drama,1254
1256,"Designated Mourner, The (1997)",23-May-1997,Drama,1255
1257,"Designated Mourner, The (1997)",23-May-1997,Drama,1256
1258,Trial and Error (1997),30-May-1997,Comedy|Romance,1257
1259,Pie in the Sky (1995),09-Feb-1996,Comedy|Romance,1258
1260,Total Eclipse (1995),01-Jan-1995,Drama,1259
1261,"Run of the Country, The (1995)",01-Jan-1995,Drama,1260
1262,Walking and Talking (1996),12-Jul-1996,Romance,1261
1263,Foxfire (1996),23-Aug-1996,Drama,1262
1264,Nothing to Lose (1994),16-Aug-1996,Drama,1263
1265,Star Maps (1997),01-Jan-1997,Drama,1264
1266,Bread and Chocolate (Pane e cioccolata) (1973),01-Jan-1973,Drama,1265
1267,Clockers (1995),01-Jan-1995,Drama,1266
1268,Bitter Moon (1992),01-Jan-1992,Drama,1267
1269,Love in the Afternoon (1957),01-Jan-1957,Comedy|Romance,1268
1270,Life with Mikey (1993),01-Jan-1993,Comedy,1269
1271,North (1994),01-Jan-1994,Comedy,1270
1272,Talking About Sex (1994),01-Jan-1994,Comedy|Drama,1271
1273,Color of Night (1994),01-Jan-1994,Drama|Thriller,1272
1274,Robocop 3 (1993),01-Jan-1993,Sci-Fi|Thriller,1273
1275,Killer (Bulletproof Heart) (1994),01-Jan-1994,Thriller,1274
1276,Sunset Park (1996),26-Apr-1996,Drama,1275
1277,Set It Off (1996),25-Sep-1996,Action|Crime,1276
1278,Selena (1997),21-Mar-1997,Drama|Musical,1277
1279,Wild America (1997),04-Jul-1997,Adventure|Children's,1278
1280,Gang Related (1997),01-Jan-1997,Crime,1279
1281,Manny & Lo (1996),26-Jul-1996,Drama,1280
1282,"Grass Harp, The (1995)",11-Oct-1996,Drama,1281
1283,Out to Sea (1997),04-Jul-1997,Comedy,1282
1284,Before and After (1996),23-Feb-1996,Drama|Mystery,1283
1285,Princess Caraboo (1994),01-Jan-1994,Drama,1284
1286,Shall We Dance? (1937),01-Jan-1937,Comedy|Musical|Romance,1285
1287,Ed (1996),08-Mar-1996,Comedy,1286
1288,Denise Calls Up (1995),29-Mar-1996,Comedy,1287
1289,Jack and Sarah (1995),22-Mar-1996,Romance,1288
1290,Country Life (1994),01-Jan-1994,Drama|Romance,1289
1291,Celtic Pride (1996),19-Apr-1996,Comedy,1290
1292,"Simple Wish, A (1997)",11-Jul-1997,Children's|Fantasy,1291
1293,Star Kid (1997),16-Jan-1998,Adventure|Children's|Fantasy|Sci-Fi,1292
1294,Ayn Rand: A Sense of Life (1997),13-Feb-1998,Documentary,1293
1295,Kicked in the Head (1997),01-Jan-1997,Comedy|Drama,1294
1296,Indian Summer (1996),01-Jan-1996,Comedy|Drama,1295
1297,Love Affair (1994),01-Jan-1994,Drama|Romance,1296
1298,"Band Wagon, The (1953)",01-Jan-1953,Comedy|Musical,1297
1299,Penny Serenade (1941),01-Jan-1941,Drama|Romance,1298
1300,'Til There Was You (1997),30-May-1997,Drama|Romance,1299
1301,Stripes (1981),01-Jan-1981,Comedy,1300
1302,Late Bloomers (1996),06-Jun-1997,Comedy,1301
1303,"Getaway, The (1994)",01-Jan-1994,Action,1302
1304,New York Cop (1996),01-Jan-1996,Action|Crime,1303
1305,National Lampoon's Senior Trip (1995),01-Jan-1995,Comedy,1304
1306,Delta of Venus (1994),01-Jan-1994,Drama,1305
1307,Carmen Miranda: Bananas Is My Business (1994),01-Jan-1994,Documentary,1306
1308,Babyfever (1994),01-Jan-1994,Comedy|Drama,1307
1309,"Very Natural Thing, A (1974)",01-Jan-1974,Drama,1308
1310,"Walk in the Sun, A (1945)",01-Jan-1945,Drama,1309
1311,Waiting to Exhale (1995),15-Jan-1996,Comedy|Drama,1310
1312,"Pompatus of Love, The (1996)",26-Jul-1996,Comedy|Drama,1311
1313,Palmetto (1998),20-Feb-1998,Film-Noir|Mystery|Thriller,1312
1314,Surviving the Game (1994),01-Jan-1994,Action|Adventure|Thriller,1313
1315,Inventing the Abbotts (1997),04-Apr-1997,Drama|Romance,1314
1316,"Horse Whisperer, The (1998)",25-Dec-1997,Drama,1315
1317,"Journey of August King, The (1995)",22-Mar-1996,Drama,1316
1318,Catwalk (1995),07-Jun-1996,Documentary,1317
1319,"Neon Bible, The (1995)",01-Mar-1996,Drama,1318
1320,Homage (1995),03-May-1996,Drama,1319
1321,Open Season (1996),10-May-1996,Comedy,1320
1322,Metisse (Café au Lait) (1993),01-Jan-1993,Comedy,1321
1323,"Wooden Man's Bride, The (Wu Kui) (1994)",01-Jan-1994,Drama,1322
1324,Loaded (1994),12-Apr-1996,Drama|Thriller,1323
1325,August (1996),12-Apr-1996,Drama,1324
1326,Boys (1996),10-May-1996,Drama,1325
1327,Captives (1994),16-Sep-1994,Drama,1326
1328,Of Love and Shadows (1994),10-May-1996,Drama,1327
1329,"Low Life, The (1994)",10-May-1996,Drama,1328
1330,An Unforgettable Summer (1994),01-Jan-1994,Drama,1329
1331,"Last Klezmer: Leopold Kozlowski, His Life and Music, The (1995)",01-Jan-1995,Documentary,1330
1332,My Life and Times With Antonin Artaud (En compagnie d'Antonin Artaud) (1993),01-Jan-1993,Drama,1331
1333,Midnight Dancers (Sibak) (1994),01-Jan-1994,Comedy|Drama,1332
1334,Somebody to Love (1994),14-Jun-1996,Drama,1333
1335,American Buffalo (1996),13-Sep-1996,Drama,1334
1336,Kazaam (1996),17-Jul-1996,Children's|Comedy|Fantasy,1335
1337,Larger Than Life (1996),01-Nov-1996,Comedy,1336
1338,Two Deaths (1995),09-Aug-1996,Drama,1337
1339,Stefano Quantestorie (1993),01-Jan-1993,Comedy|Drama,1338
1340,"Crude Oasis, The (1995)",01-Jan-1995,Romance,1339
1341,Hedd Wyn (1992),01-Jan-1992,Drama,1340
1342,"Convent, The (Convento, O) (1995)",14-Jun-1996,Drama,1341
1343,Lotto Land (1995),01-Jan-1995,Drama,1342
1344,"Story of Xinghua, The (1993)",01-Jan-1993,Drama,1343
1345,"Day the Sun Turned Cold, The (Tianguo niezi) (1994)",01-Jan-1994,Drama,1344
1346,Dingo (1992),01-Jan-1992,Drama,1345
1347,"Ballad of Narayama, The (Narayama Bushiko) (1958)",01-Jan-1958,Drama,1346
1348,Every Other Weekend (1990),01-Jan-1990,Drama,1347
1349,Mille bolle blu (1993),01-Jan-1993,Comedy,1348
1350,Crows and Sparrows (1949),01-Jan-1949,Drama,1349
1351,Lover's Knot (1996),12-Jul-1996,Comedy,1350
1352,Shadow of Angels (Schatten der Engel) (1976),01-Jan-1976,Drama,1351
1353,1-900 (1994),01-Jan-1994,Romance,1352
1354,Venice/Venice (1992),01-Jan-1992,Drama,1353
1355,Infinity (1996),04-Oct-1996,Drama,1354
1356,Ed's Next Move (1996),04-Oct-1996,Comedy,1355
1357,For the Moment (1994),01-Jan-1994,Romance|War,1356
1358,The Deadly Cure (1996),16-Sep-1996,Action,1357
1359,Boys in Venice (1996),24-Sep-1996,Drama,1358
1360,"Sexual Life of the Belgians, The (1994)",01-Jan-1994,Comedy,1359
1361,"Search for One-eye Jimmy, The (1996)",01-Jan-1996,Comedy,1360
1362,American Strays (1996),13-Sep-1996,Action,1361
1363,"Leopard Son, The (1996)",27-Sep-1996,Documentary,1362
1364,Bird of Prey (1996),04-Oct-1996,Action,1363
1365,Johnny 100 Pesos (1993),01-Jan-1993,Action|Drama,1364
1366,JLG/JLG - autoportrait de décembre (1994),01-Jan-1994,Documentary|Drama,1365
1367,Faust (1994),01-Jan-1994,Animation,1366
1368,Mina Tannenbaum (1994),01-Jan-1994,Drama,1367
1369,"Forbidden Christ, The (Cristo proibito, Il) (1950)",01-Jan-1950,Drama,1368
1370,I Can't Sleep (J'ai pas sommeil) (1994),01-Jan-1994,Drama|Thriller,1369
1371,"Machine, The (1994)",01-Jan-1994,Comedy|Horror,1370
1372,"Stranger, The (1994)",01-Jan-1994,Action,1371
1373,Good Morning (1971),4-Feb-1971,unknown,1372
1374,Falling in Love Again (1980),01-Jan-1980,Comedy,1373
1375,"Cement Garden, The (1993)",01-Jan-1993,Drama,1374
1376,Meet Wally Sparks (1997),31-Jan-1997,Comedy,1375
1377,Hotel de Love (1996),07-Feb-1997,Comedy|Romance,1376
1378,Rhyme & Reason (1997),05-Mar-1997,Documentary,1377
1379,Love and Other Catastrophes (1996),28-Mar-1997,Romance,1378
1380,Hollow Reed (1996),02-May-1997,Drama,1379
1381,Losing Chase (1996),01-Jan-1996,Drama,1380
1382,"Bonheur, Le (1965)",16-May-1997,Drama,1381
1383,"Second Jungle Book: Mowgli & Baloo, The (1997)",16-May-1997,Adventure|Children's,1382
1384,Squeeze (1996),13-Jun-1997,Drama,1383
1385,Roseanna's Grave (For Roseanna) (1997),20-Jun-1997,Comedy|Romance,1384
1386,Tetsuo II: Body Hammer (1992),20-Jun-1997,Sci-Fi,1385
1387,Fall (1997),27-Jun-1997,Romance,1386
1388,Gabbeh (1996),27-Jun-1997,Drama,1387
1389,Mondo (1996),27-Jun-1997,Drama,1388
1390,"Innocent Sleep, The (1995)",27-Jun-1997,Crime,1389
1391,For Ever Mozart (1996),04-Jul-1997,Drama,1390
1392,"Locusts, The (1997)",01-Jan-1997,Drama,1391
1393,Stag (1997),01-Jan-1997,Action|Thriller,1392
1394,Swept from the Sea (1997),01-Jan-1997,Romance,1393
1395,Hurricane Streets (1998),01-Jan-1998,Drama,1394
1396,Stonewall (1995),26-Jul-1996,Drama,1395
1397,Of Human Bondage (1934),01-Jan-1934,Drama,1396
1398,Anna (1996),13-Nov-1996,Drama,1397
1399,Stranger in the House (1997),01-Jan-1997,Thriller,1398
1400,Picture Bride (1995),01-Jan-1995,Drama|Romance,1399
1401,M. Butterfly (1993),01-Jan-1993,Drama,1400
1402,"Ciao, Professore! (1993)",01-Jan-1993,Drama,1401
1403,Caro Diario (Dear Diary) (1994),01-Jan-1994,Comedy|Drama,1402
1404,Withnail and I (1987),01-Jan-1987,Comedy,1403
1405,Boy's Life 2 (1997),07-Mar-1997,Drama,1404
1406,When Night Is Falling (1995),01-Jan-1995,Drama|Romance,1405
1407,"Specialist, The (1994)",01-Jan-1994,Action,1406
1408,Gordy (1995),01-Jan-1995,Comedy,1407
1409,"Swan Princess, The (1994)",01-Jan-1994,Animation|Children's,1408
1410,Harlem (1993),01-Jan-1993,Drama,1409
1411,Barbarella (1968),01-Jan-1968,Adventure|Sci-Fi,1410
1412,Land Before Time III: The Time of the Great Giving (1995) (V),01-Jan-1995,Animation|Children's,1411
1413,Street Fighter (1994),01-Jan-1994,Action,1412
1414,Coldblooded (1995),01-Jan-1995,Action,1413
1415,"Next Karate Kid, The (1994)",01-Jan-1994,Action|Children's,1414
1416,No Escape (1994),01-Jan-1994,Action|Sci-Fi,1415
1417,"Turning, The (1992)",02-May-1997,Drama,1416
1418,"Joy Luck Club, The (1993)",01-Jan-1993,Drama,1417
1419,Highlander III: The Sorcerer (1994),01-Jan-1994,Action|Sci-Fi,1418
1420,Gilligan's Island: The Movie (1998),01-Jan-1997,Comedy,1419
1421,My Crazy Life (Mi vida loca) (1993),01-Jan-1993,Drama,1420
1422,Suture (1993),01-Jan-1993,Film-Noir|Thriller,1421
1423,"Walking Dead, The (1995)",01-Jan-1995,Drama|War,1422
1424,I Like It Like That (1994),01-Jan-1994,Comedy|Drama|Romance,1423
1425,I'll Do Anything (1994),01-Jan-1994,Comedy|Drama,1424
1426,Grace of My Heart (1996),13-Sep-1996,Comedy|Drama,1425
1427,Drunks (1995),01-Nov-1996,Drama,1426
1428,SubUrbia (1997),07-Feb-1997,Comedy,1427
1429,Sliding Doors (1998),01-Jan-1998,Drama|Romance,1428
1430,Ill Gotten Gains (1997),01-Jan-1997,Drama,1429
1431,Legal Deceit (1997),01-Jan-1997,Thriller,1430
1432,"Mighty, The (1998)",09-Oct-1998,Drama,1431
1433,Men of Means (1998),01-Jan-1997,Action|Drama,1432
1434,Shooting Fish (1997),16-Jan-1998,Romance,1433
1435,"Steal Big, Steal Little (1995)",01-Jan-1995,Comedy,1434
1436,Mr. Jones (1993),01-Jan-1993,Drama|Romance,1435
1437,House Party 3 (1994),01-Jan-1994,Comedy,1436
1438,Panther (1995),01-Jan-1995,Drama,1437
1439,Jason's Lyric (1994),01-Jan-1994,Crime|Drama,1438
1440,Above the Rim (1994),01-Jan-1994,Drama,1439
1441,Moonlight and Valentino (1995),01-Jan-1995,Drama|Romance,1440
1442,"Scarlet Letter, The (1995)",01-Jan-1995,Drama,1441
1443,8 Seconds (1994),01-Jan-1994,Drama,1442
1444,That Darn Cat! (1965),01-Jan-1965,Children's|Comedy|Mystery,1443
1445,Ladybird Ladybird (1994),01-Jan-1994,Drama,1444
1446,"Bye Bye, Love (1995)",01-Jan-1995,Comedy,1445
1447,Century (1993),01-Jan-1993,Drama,1446
1448,My Favorite Season (1993),19-Apr-1996,Drama,1447
1449,Pather Panchali (1955),22-Mar-1996,Drama,1448
1450,Golden Earrings (1947),01-Jan-1947,Adventure|Romance,1449
1451,Foreign Correspondent (1940),01-Jan-1940,Thriller,1450
1452,Lady of Burlesque (1943),01-Jan-1943,Comedy|Mystery,1451
1453,Angel on My Shoulder (1946),01-Jan-1946,Crime|Drama,1452
1454,Angel and the Badman (1947),01-Jan-1947,Western,1453
1455,"Outlaw, The (1943)",01-Jan-1943,Western,1454
1456,Beat the Devil (1954),01-Jan-1954,Comedy|Drama,1455
1457,Love Is All There Is (1996),11-Oct-1996,Comedy|Drama,1456
1458,"Damsel in Distress, A (1937)",01-Jan-1937,Comedy|Musical|Romance,1457
1459,Madame Butterfly (1995),20-Sep-1996,Musical,1458
1460,Sleepover (1995),25-Oct-1996,Comedy|Drama,1459
1461,Here Comes Cookie (1935),01-Jan-1935,Comedy,1460
1462,"Thieves (Voleurs, Les) (1996)",25-Dec-1996,Crime|Drama|Romance,1461
1463,"Boys, Les (1997)",01-Jan-1997,Comedy,1462
1464,"Stars Fell on Henrietta, The (1995)",01-Jan-1995,Drama,1463
1465,Last Summer in the Hamptons (1995),01-Jan-1995,Comedy|Drama,1464
1466,Margaret's Museum (1995),01-Jan-1995,Drama,1465
1467,"Saint of Fort Washington, The (1993)",01-Jan-1993,Drama,1466
1468,"Cure, The (1995)",01-Jan-1995,Drama,1467
1469,Tom and Huck (1995),01-Jan-1995,Adventure|Children's,1468
1470,Gumby: The Movie (1995),01-Jan-1995,Animation|Children's,1469
1471,Hideaway (1995),01-Jan-1995,Thriller,1470
1472,"Visitors, The (Visiteurs, Les) (1993)",19-Jul-1996,Comedy|Sci-Fi,1471
1473,"Little Princess, The (1939)",01-Jan-1939,Children's|Drama,1472
1474,Nina Takes a Lover (1994),01-Jan-1994,Comedy|Romance,1473
1475,Bhaji on the Beach (1993),01-Jan-1993,Comedy|Drama,1474
1476,Raw Deal (1948),01-Jan-1948,Film-Noir,1475
1477,Nightwatch (1997),22-Apr-1997,Horror|Thriller,1476
1478,Dead Presidents (1995),01-Jan-1995,Action|Crime|Drama,1477
1479,Reckless (1995),01-Jan-1995,Comedy,1478
1480,Herbie Rides Again (1974),01-Jan-1974,Adventure|Children's|Comedy,1479
1481,S.F.W. (1994),01-Jan-1994,Drama,1480
1482,"Gate of Heavenly Peace, The (1995)",10-May-1996,Documentary,1481
1483,"Man in the Iron Mask, The (1998)",17-Mar-1998,Action|Drama|Romance,1482
1484,"Jerky Boys, The (1994)",01-Jan-1994,Action|Comedy,1483
1485,"Colonel Chabert, Le (1994)",01-Jan-1994,Drama|Romance|War,1484
1486,Girl in the Cadillac (1995),01-Jan-1995,Drama,1485
1487,Even Cowgirls Get the Blues (1993),01-Jan-1993,Comedy|Romance,1486
1488,Germinal (1993),01-Jan-1993,Drama,1487
1489,Chasers (1994),01-Jan-1994,Comedy,1488
1490,Fausto (1993),01-Jan-1993,Comedy,1489
1491,Tough and Deadly (1995),01-Jan-1995,Action|Drama|Thriller,1490
1492,Window to Paris (1994),01-Jan-1994,Comedy,1491
1493,"Modern Affair, A (1995)",06-Sep-1996,Romance,1492
1494,"Mostro, Il (1994)",19-Apr-1996,Comedy,1493
1495,Flirt (1995),07-Aug-1996,Drama,1494
1496,Carpool (1996),23-Aug-1996,Comedy|Crime,1495
1497,"Line King: Al Hirschfeld, The (1996)",11-Oct-1996,Documentary,1496
1498,Farmer & Chase (1995),10-Jan-1997,Comedy,1497
1499,Grosse Fatigue (1994),01-Jan-1994,Comedy,1498
1500,Santa with Muscles (1996),08-Nov-1996,Comedy,1499
1501,Prisoner of the Mountains (Kavkazsky Plennik) (1996),31-Jan-1997,War,1500
1502,Naked in New York (1994),01-Jan-1994,Comedy|Romance,1501
1503,Gold Diggers: The Secret of Bear Mountain (1995),01-Jan-1995,Adventure|Children's,1502
1504,"Bewegte Mann, Der (1994)",12-Jul-1996,Comedy,1503
1505,Killer: A Journal of Murder (1995),06-Sep-1996,Crime|Drama,1504
1506,Nelly & Monsieur Arnaud (1995),12-Apr-1996,Drama,1505
1507,Three Lives and Only One Death (1996),11-Oct-1996,Comedy,1506
1508,"Babysitter, The (1995)",01-Jan-1995,Drama|Thriller,1507
1509,Getting Even with Dad (1994),01-Jan-1994,Comedy,1508
1510,Mad Dog Time (1996),08-Nov-1996,Crime,1509
1511,Children of the Revolution (1996),01-May-1997,Comedy,1510
1512,"World of Apu, The (Apur Sansar) (1959)",05-Apr-1996,Drama,1511
1513,Sprung (1997),14-May-1997,Comedy,1512
1514,Dream With the Fishes (1997),20-Jun-1997,Drama,1513
1515,Wings of Courage (1995),01-Jan-1995,Adventure|Romance,1514
1516,"Wedding Gift, The (1994)",01-Jan-1994,Drama,1515
1517,Race the Sun (1996),01-Jan-1996,Drama,1516
1518,Losing Isaiah (1995),01-Jan-1995,Drama,1517
1519,New Jersey Drive (1995),01-Jan-1995,Crime|Drama,1518
1520,"Fear, The (1995)",01-Jan-1995,Horror,1519
1521,Mr. Wonderful (1993),01-Jan-1993,Comedy|Romance,1520
1522,Trial by Jury (1994),01-Jan-1994,Thriller,1521
1523,"Good Man in Africa, A (1994)",01-Jan-1994,Action|Adventure,1522
1524,Kaspar Hauser (1993),07-Jun-1996,Drama,1523
1525,"Object of My Affection, The (1998)",20-Mar-1998,Comedy|Romance,1524
1526,Witness (1985),01-Jan-1985,Drama|Romance|Thriller,1525
1527,Senseless (1998),09-Jan-1998,Comedy,1526
1528,Nowhere (1997),09-May-1997,Drama,1527
1529,Underground (1995),29-Mar-1996,War,1528
1530,Jefferson in Paris (1995),01-Jan-1995,Drama,1529
1531,Far From Home: The Adventures of Yellow Dog (1995),01-Jan-1995,Adventure|Children's,1530
1532,Foreign Student (1994),01-Jan-1994,Drama,1531
1533,I Don't Want to Talk About It (De eso no se habla) (1993),01-Jan-1993,Drama,1532
1534,Twin Town (1997),30-May-1997,Comedy|Crime,1533
1535,"Enfer, L' (1994)",01-Jan-1994,Drama,1534
1536,Aiqing wansui (1994),22-Jul-1996,Drama,1535
1537,Cosi (1996),11-Apr-1997,Comedy,1536
1538,All Over Me (1997),25-Apr-1997,Drama,1537
1539,Being Human (1993),01-Jan-1993,Drama,1538
1540,"Amazing Panda Adventure, The (1995)",01-Jan-1995,Adventure|Children's,1539
1541,"Beans of Egypt, Maine, The (1994)",01-Jan-1994,Drama,1540
1542,"Scarlet Letter, The (1926)",01-Jan-1926,Drama,1541
1543,Johns (1996),18-Oct-1996,Drama,1542
1544,It Takes Two (1995),01-Jan-1995,Comedy,1543
1545,Frankie Starlight (1995),01-Jan-1995,Drama|Romance,1544
1546,Shadows (Cienie) (1988),01-Jan-1988,Drama,1545
1547,"Show, The (1995)",01-Jan-1995,Documentary,1546
1548,The Courtyard (1995),01-Jan-1995,Action|Thriller,1547
1549,Dream Man (1995),01-Jan-1995,Thriller,1548
1550,Destiny Turns on the Radio (1995),01-Jan-1995,Comedy,1549
1551,"Glass Shield, The (1994)",01-Jan-1994,Drama,1550
1552,"Hunted, The (1995)",01-Jan-1995,Action,1551
1553,"Underneath, The (1995)",01-Jan-1995,Mystery|Thriller,1552
1554,Safe Passage (1994),01-Jan-1994,Drama,1553
1555,"Secret Adventures of Tom Thumb, The (1993)",01-Jan-1993,Adventure|Children's,1554
1556,Condition Red (1995),01-Jan-1995,Action|Drama|Thriller,1555
1557,Yankee Zulu (1994),16-Feb-1996,Comedy|Drama,1556
1558,Aparajito (1956),29-Mar-1996,Drama,1557
1559,Hostile Intentions (1994),01-Jan-1994,Action|Drama|Thriller,1558
1560,Clean Slate (Coup de Torchon) (1981),01-Jan-1981,Crime,1559
1561,Tigrero: A Film That Was Never Made (1994),01-Jan-1994,Documentary|Drama,1560
1562,"Eye of Vichy, The (Oeil de Vichy, L') (1993)",01-Jan-1993,Documentary,1561
1563,"Promise, The (Versprechen, Das) (1994)",01-Jan-1994,Romance,1562
1564,To Cross the Rubicon (1991),01-Jan-1991,Drama,1563
1565,Daens (1992),01-Jan-1992,Drama,1564
1566,"Man from Down Under, The (1943)",01-Jan-1943,Drama,1565
1567,Careful (1992),01-Jan-1992,Comedy,1566
1568,Vermont Is For Lovers (1992),01-Jan-1992,Comedy|Romance,1567
1569,"Vie est belle, La (Life is Rosey) (1987)",01-Jan-1987,Comedy|Drama,1568
1570,Quartier Mozart (1992),01-Jan-1992,Comedy,1569
1571,Touki Bouki (Journey of the Hyena) (1973),01-Jan-1973,Drama,1570
1572,Wend Kuuni (God's Gift) (1982),01-Jan-1982,Drama,1571
1573,Spirits of the Dead (Tre passi nel delirio) (1968),01-Jan-1968,Horror,1572
1574,Pharaoh's Army (1995),01-Jan-1995,War,1573
1575,"I, Worst of All (Yo, la peor de todas) (1990)",01-Jan-1990,Drama,1574
1576,"Hungarian Fairy Tale, A (1987)",01-Jan-1987,Fantasy,1575
1577,"Death in the Garden (Mort en ce jardin, La) (1956)",01-Jan-1956,Drama,1576
1578,"Collectionneuse, La (1967)",01-Jan-1967,Drama,1577
1579,Baton Rouge (1988),01-Jan-1988,Thriller,1578
1580,Liebelei (1933),01-Jan-1933,Romance,1579
1581,"Woman in Question, The (1950)",01-Jan-1950,Mystery,1580
1582,T-Men (1947),01-Jan-1947,Film-Noir,1581
1583,"Invitation, The (Zaproszenie) (1986)",01-Jan-1986,Drama,1582
1584,"Symphonie pastorale, La (1946)",01-Jan-1946,Drama,1583
1585,American Dream (1990),01-Jan-1990,Documentary,1584
1586,Lashou shentan (1992),01-Jan-1992,Action|Crime|Drama,1585
1587,Terror in a Texas Town (1958),01-Jan-1958,Western,1586
1588,Salut cousin! (1996),21-Feb-1997,Comedy|Drama,1587
1589,Schizopolis (1996),23-May-1997,Comedy,1588
1590,"To Have, or Not (1995)",06-Jun-1997,Drama,1589
1591,Duoluo tianshi (1995),21-Jan-1998,Drama,1590
1592,"Magic Hour, The (1998)",30-Jan-1998,Drama,1591
1593,Death in Brunswick (1991),16-Aug-1996,Comedy,1592
1594,Everest (1998),10-Mar-1998,Documentary,1593
1595,Shopping (1994),09-Feb-1996,Action|Thriller,1594
1596,Nemesis 2: Nebula (1995),01-Jan-1995,Action|Sci-Fi|Thriller,1595
1597,Romper Stomper (1992),01-Jan-1992,Action|Drama,1596
1598,City of Industry (1997),14-Mar-1997,Crime|Thriller,1597
1599,Someone Else's America (1995),10-May-1996,Drama,1598
1600,Guantanamera (1994),16-May-1997,Comedy,1599
1601,Office Killer (1997),01-Jan-1997,Thriller,1600
1602,"Price Above Rubies, A (1998)",20-Mar-1998,Drama,1601
1603,Angela (1995),16-Feb-1996,Drama,1602
1604,He Walked by Night (1948),01-Jan-1948,Crime|Film-Noir|Thriller,1603
1605,Love Serenade (1996),11-Jul-1997,Comedy,1604
1606,Deceiver (1997),01-Jan-1997,Crime,1605
1607,Hurricane Streets (1998),01-Jan-1998,Drama,1606
1608,Buddy (1997),06-Jun-1997,Adventure|Children's|Drama,1607
1609,B*A*P*S (1997),28-Mar-1997,Comedy,1608
1610,"Truth or Consequences, N.M. (1997)",02-May-1997,Action|Crime|Romance,1609
1611,Intimate Relations (1996),09-May-1997,Comedy,1610
1612,"Leading Man, The (1996)",16-Jan-1998,Romance,1611
1613,Tokyo Fist (1995),11-Feb-1998,Action|Drama,1612
1614,"Reluctant Debutante, The (1958)",01-Jan-1958,Comedy|Drama,1613
1615,Warriors of Virtue (1997),02-May-1997,Action|Adventure|Children's|Fantasy,1614
1616,Desert Winds (1995),01-Jan-1995,Drama,1615
1617,Hugo Pool (1997),01-Jan-1997,Romance,1616
1618,King of New York (1990),01-Jan-1990,Action|Crime,1617
1619,All Things Fair (1996),08-Mar-1996,Drama,1618
1620,"Sixth Man, The (1997)",28-Mar-1997,Comedy,1619
1621,Butterfly Kiss (1995),26-Apr-1996,Thriller,1620
1622,"Paris, France (1993)",01-Jan-1993,Comedy,1621
1623,"Cérémonie, La (1995)",20-Dec-1996,Drama,1622
1624,Hush (1998),10-Mar-1998,Thriller,1623
1625,Nightwatch (1997),22-Apr-1997,Horror|Thriller,1624
1626,Nobody Loves Me (Keiner liebt mich) (1994),09-Feb-1996,Comedy|Drama,1625
1627,"Wife, The (1995)",26-Jul-1996,Comedy|Drama,1626
1628,Lamerica (1994),01-Jan-1994,Drama,1627
1629,Nico Icon (1995),01-Jan-1995,Documentary,1628
1630,"Silence of the Palace, The (Saimt el Qusur) (1994)",02-Feb-1996,Drama,1629
1631,"Slingshot, The (1993)",01-Jan-1993,Comedy|Drama,1630
1632,Land and Freedom (Tierra y libertad) (1995),29-Mar-1996,War,1631
1633,Á köldum klaka (Cold Fever) (1994),08-Mar-1996,Comedy|Drama,1632
1634,Etz Hadomim Tafus (Under the Domin Tree) (1994),19-Apr-1996,Drama,1633
1635,Two Friends (1986) ,26-Apr-1986,Drama,1634
1636,Brothers in Trouble (1995),26-Apr-1996,Drama,1635
1637,Girls Town (1996),23-Aug-1996,Drama,1636
1638,Normal Life (1996),25-Oct-1996,Crime|Drama,1637
1639,Bitter Sugar (Azucar Amargo) (1996),22-Nov-1996,Drama,1638
1640,"Eighth Day, The (1996)",01-Nov-1996,Drama,1639
1641,Dadetown (1995),18-Sep-1996,Documentary,1640
1642,Some Mother's Son (1996),27-Dec-1996,Drama,1641
1643,Angel Baby (1995),10-Jan-1997,Drama,1642
1644,Sudden Manhattan (1996),13-Jun-1997,Comedy,1643
1645,"Butcher Boy, The (1998)",01-Jan-1998,Drama,1644
1646,Men With Guns (1997),06-Mar-1998,Action|Drama,1645
1647,Hana-bi (1997),20-Mar-1998,Comedy|Crime|Drama,1646
1648,"Niagara, Niagara (1997)",20-Mar-1998,Drama,1647
1649,"Big One, The (1997)",27-Mar-1998,Comedy|Documentary,1648
1650,"Butcher Boy, The (1998)",01-Jan-1998,Drama,1649
1651,"Spanish Prisoner, The (1997)",27-Mar-1998,Drama|Thriller,1650
1652,Temptress Moon (Feng Yue) (1996),13-Jun-1997,Romance,1651
1653,Entertaining Angels: The Dorothy Day Story (1996),27-Sep-1996,Drama,1652
1654,Chairman of the Board (1998),01-Jan-1998,Comedy,1653
1655,"Favor, The (1994)",01-Jan-1994,Comedy|Romance,1654
1656,Little City (1998),20-Feb-1998,Comedy|Romance,1655
1657,Target (1995),28-Feb-1996,Action|Drama,1656
1658,"Substance of Fire, The (1996)",06-Dec-1996,Drama,1657
1659,Getting Away With Murder (1996),12-Apr-1996,Comedy,1658
1660,Small Faces (1995),09-Aug-1996,Drama,1659
1661,"New Age, The (1994)",01-Jan-1994,Drama,1660
1662,Rough Magic (1995),30-May-1997,Drama|Romance,1661
1663,Nothing Personal (1995),30-Apr-1997,Drama|War,1662
1664,8 Heads in a Duffel Bag (1997),18-Apr-1997,Comedy,1663
1665,"Brother's Kiss, A (1997)",25-Apr-1997,Drama,1664
1666,Ripe (1996),02-May-1997,Drama,1665
1667,"Next Step, The (1995)",13-Jun-1997,Drama,1666
1668,Wedding Bell Blues (1996),13-Jun-1997,Comedy,1667
1669,MURDER and murder (1996),20-Jun-1997,Crime|Drama|Mystery,1668
1670,Tainted (1998),01-Feb-1998,Comedy|Thriller,1669
1671,"Further Gesture, A (1996)",20-Feb-1998,Drama,1670
1672,Kika (1993),01-Jan-1993,Drama,1671
1673,Mirage (1995),01-Jan-1995,Action|Thriller,1672
1674,Mamma Roma (1962),01-Jan-1962,Drama,1673
1675,"Sunchaser, The (1996)",25-Oct-1996,Drama,1674
1676,"War at Home, The (1996)",01-Jan-1996,Drama,1675
1677,Sweet Nothing (1995),20-Sep-1996,Drama,1676
1678,Mat' i syn (1997),06-Feb-1998,Drama,1677
1679,B. Monkey (1998),06-Feb-1998,Romance|Thriller,1678
1680,Sliding Doors (1998),01-Jan-1998,Drama|Romance,1679
1681,You So Crazy (1994),01-Jan-1994,Comedy,1680
1682,Scream of Stone (Schrei aus Stein) (1991),08-Mar-1996,Drama,1681
